<PAD>	1000000000
<UNK>	1000000000
<S>	1000000000
</S>	1000000000
的	5959
是	1459
和	1308
在	1239
了	1016
中国	939
一	837
对	674
发展	594
中	586
不	575
两	540
个	529
国	495
这	477
要	453
美国	453
有	441
与	429
经济	414
说	398
他	397
也	387
关系	382
问题	368
上	363
台湾	362
将	357
国家	355
新	338
各	328
人民	320
为	319
就	315
我们	310
年	307
政府	277
工作	253
大	253
合作	250
重要	228
次	219
还	217
社会	208
都	205
地	200
以	195
能	191
表示	190
党	185
国际	184
建设	179
会	179
世界	177
并	175
但	175
多	174
进行	172
而	170
来	169
人	165
美	164
方面	162
从	161
等	159
种	158
地区	156
已	156
政策	156
到	156
政治	155
全	152
企业	151
三	151
加强	150
日	149
代表	148
和平	137
此	136
月	133
把	132
更	131
下	131
日本	130
岸	129
着	129
统一	129
指出	128
我国	128
历史	128
后	128
共同	126
实现	126
我	125
会议	123
向	122
双方	122
没有	121
必须	121
改革	118
时	118
世纪	118
江泽民	117
友好	116
认为	116
教育	116
组织	115
军事	112
原则	112
技术	111
市场	111
其	111
思想	110
要求	110
一些	110
进一步	110
支持	109
战略	108
应	107
稳定	107
所	104
之	104
努力	104
民族	103
坚持	103
使	103
他们	103
访问	102
领导	102
不断	102
活动	102
最	100
北京	99
领导人	98
已经	97
安全	96
提出	95
项	95
自己	95
好	94
利益	94
强调	92
继续	92
有关	92
解决	91
希望	90
这个	90
目前	89
影响	89
很	88
记者	88
同	87
干部	87
总统	86
又	86
中央	85
取得	85
提高	84
作为	84
建立	84
可以	84
计划	83
同时	83
社会主义	83
管理	82
于	82
今年	82
领域	82
积极	81
主席	81
基础	81
祖国	79
布什	79
这些	79
法轮功	79
开发	79
通过	79
作用	78
及	78
大陆	77
环境	77
可	77
举行	76
人权	76
情况	75
高	75
成为	74
今天	74
贸易	73
导弹	73
当局	72
根本	71
制度	71
由	70
才	69
本	69
西部	68
香港	68
主要	68
促进	67
发生	67
推动	67
实施	67
如果	66
文化	66
形势	66
扩大	65
去年	65
俄	65
战争	65
决定	64
保持	64
需要	64
正	64
只	63
精神	62
以来	62
法律	62
位	62
前	61
部门	61
提供	61
任务	61
科技	61
现在	60
研究	60
之间	60
被	60
增长	59
措施	59
信息	59
第一	59
维护	59
具有	59
用	58
重视	58
开放	57
华	57
科学	57
台独	57
名	57
现代化	57
充分	56
据	56
西藏	56
重大	56
调整	56
开展	56
作出	56
反对	56
朝鲜	55
条件	55
监督	55
访	54
交流	54
群众	54
内	54
条	53
人员	53
立场	53
得到	53
全面	52
系统	52
因此	52
任何	52
武器	52
人大	52
了解	51
中共	51
基本	51
联合国	51
采取	51
目标	51
五	51
力量	51
金融	50
公司	50
意见	50
事业	50
可能	50
出现	50
经贸	49
结构	49
看	49
这样	49
部分	49
水平	49
俄罗斯	49
几	48
该	48
投资	48
事实	48
再	48
曾	48
台	47
给	47
资源	47
斗争	47
得	47
体制	47
级	47
联合	47
未来	47
事件	46
一定	46
改善	46
但是	46
作	46
只有	46
完全	46
许多	46
成功	46
过	46
李鹏	46
财政	46
开始	45
分裂	45
行动	45
未	45
理论	45
十分	45
应该	45
中华	44
主权	44
保障	44
国防	44
存在	44
仍	44
能力	44
由于	44
学习	44
利用	43
变化	43
关于	43
近	43
军队	43
讲话	43
规定	43
民主	43
加快	43
人士	43
势力	43
良好	43
谈判	42
出	42
当前	42
高度	42
人们	42
进入	42
生产	42
表明	42
包括	42
亚洲	41
保护	41
中方	41
官员	41
生活	41
克林顿	41
发挥	41
推进	41
严重	40
它	40
发表	40
加入	40
亿	40
起	40
邪教	40
作战	39
届	39
农业	39
朱镕基	39
会谈	39
质量	39
一切	39
直接	39
实践	39
应当	39
小	39
友谊	38
去	38
重点	38
部队	38
增加	38
电	38
元	38
意义	38
期间	38
处理	37
进程	37
更加	37
讲	37
认识	37
创新	37
对话	37
国内	37
随着	37
今后	37
做	37
人才	37
看到	37
对外	37
其中	36
产业	36
责任	36
或	36
印度	36
正确	36
实际	36
却	36
大会	36
美方	36
特别是	36
态度	36
地位	36
其他	36
坚决	36
二	35
一直	35
内容	35
关键	35
至	35
同志	35
外交	35
领土	35
参加	35
阶段	35
每	34
成果	34
深刻	34
事	34
完善	34
国民	34
让	34
深入	34
国有	34
产生	34
挑战	34
而且	34
始终	33
传统	33
则	33
之一	33
面临	33
结束	33
因为	33
受到	33
工程	33
条约	33
依法	33
装备	33
农村	33
为了	33
手段	33
制定	33
总理	33
不仅	33
共识	33
时期	33
人类	33
机关	33
先进	33
过去	33
会见	33
共产党	32
专家	32
李登辉	32
朝	32
十五	32
接受	32
出口	32
以及	32
农民	32
保证	32
形式	32
贯彻	32
什么	32
修改	32
不同	32
过程	32
正在	32
落实	32
根据	31
防御	31
协议	31
中心	31
组成	31
马克思主义	31
比	31
时代	31
感谢	31
对于	31
长期	31
欢迎	31
贡献	31
地方	31
经验	31
网络	31
天	31
报告	31
甚至	31
方向	30
认真	30
相互	30
陈水扁	30
带来	30
第二	30
竞争	30
报道	30
形成	30
原因	30
美军	30
方针	30
创造	30
委员会	30
非常	30
国务院	30
强烈	30
上海	30
服务	30
增强	30
局势	29
美元	29
方式	29
执行	29
部署	29
自	29
交换	29
会晤	29
愿	29
中东	29
最终	29
机遇	29
平等	29
交往	29
之后	29
宣传	29
承认	29
进步	29
广泛	28
机构	28
完成	28
符合	28
分子	28
造成	28
广大	28
新闻	28
经营	28
经过	28
单位	28
称	28
打击	28
改变	28
实行	28
有效	28
明显	28
发展中	28
首先	28
资金	28
达成	27
力度	27
宗教	27
制	27
有利于	27
省	27
伙伴	27
出席	27
是否	27
搞	27
机制	27
江	27
表现	27
困难	27
主张	27
受	27
因素	27
面对	27
如	27
能够	27
想	26
相信	26
使用	26
钱其琛	26
你	26
胡锦涛	26
结果	26
朱	26
建议	26
所谓	26
四	26
亚酞	26
准备	26
英国	26
趋势	26
体现	26
犯罪	26
行为	26
时间	26
还是	26
深化	26
素质	26
首	25
问	25
外国	25
飞机	25
非	25
加大	25
代表团	25
感到	25
媒体	25
全球化	25
打	25
接触	25
既	25
选择	25
全球	25
新华社	25
起来	25
西方	25
核心	25
同胞	25
家	24
议会	24
双边	24
注意	24
占	24
范围	24
近年	24
全体	24
独立	24
革命	24
宣布	24
成立	24
演习	24
事务	24
权利	24
里	24
常委会	24
如何	24
健康	24
达到	24
适应	24
公开	24
目的	24
大学	24
无	24
参与	23
冷战	23
收入	23
高兴	23
来自	23
间	23
共	23
巨大	23
成	23
此外	23
团结	23
切实	23
投入	23
具体	23
顺利	23
正式	23
第三	23
首脑	23
证明	23
现实	23
知识	23
极	23
越来越	23
海峡	23
给予	23
结合	23
程度	22
军	22
限制	22
报	22
威胁	22
进展	22
部长	22
比较	22
年代	22
三通	22
优势	22
关注	22
反	22
按照	22
逐步	22
指导	22
快速	22
批	22
介绍	22
她	22
现代	22
基地	22
说明	22
普京	22
委员	22
特点	22
驻	22
最近	22
最高	22
个人	22
批评	22
政协	22
特别	22
真正	21
总	21
半岛	21
较	21
势头	21
金字旁容基	21
繁荣	21
虽然	21
只要	21
状况	21
少数	21
上述	21
然而	21
持续	21
尊重	21
再次	21
负责	21
回答	21
合理	21
并不	21
委员长	21
民众	21
文明	21
走向	21
承诺	21
体系	21
所有	21
不过	21
增进	20
重申	20
成员	20
必要	20
经历	20
邀请	20
允许	20
大量	20
以上	20
走	20
集团	20
欧	20
韩国	20
重	20
李洪志	20
考虑	20
履行	20
生产力	20
那	20
产品	20
减少	20
干涉	20
建交	20
危机	20
银行	20
综合	20
万	20
一贯	20
令	20
外	20
意识	20
基层	20
帮助	20
水	19
集中	19
段	19
邓小平	19
召开	19
分别	19
如此	19
项目	19
以色列	19
行	19
矛盾	19
均	19
明确	19
粮食	19
另	19
破坏	19
全国	19
很多	19
达	19
谈	19
培养	19
就业	19
方	19
难以	19
标准	19
点	19
需求	19
针对	19
前进	19
越	19
现象	19
欧洲	19
发达	18
便	18
深	18
共和国	18
国会	18
决策	18
解放	18
规划	18
规模	18
此间	18
正常	18
北约	18
运用	18
有的	18
电子	18
对抗	18
系列	18
愿望	18
道路	18
确保	18
城市	18
必	18
欧盟	18
普遍	18
必然	18
不少	18
愿意	18
我军	18
讨论	18
整个	18
因	18
办法	18
预算	18
抓好	17
改造	17
严格	17
尽管	17
热情	17
做好	17
调查	17
伟大	17
巴勒斯坦	17
舆论	17
场	17
行政	17
工业	17
改进	17
绝对	17
获得	17
厦门	17
农产品	17
军售	17
理解	17
效益	17
古巴	17
整体	17
当	17
恢复	17
法院	17
放弃	17
靠	17
内政	17
检查	17
成效	17
大力	17
坚定	17
海军	17
关心	17
澳门	17
腐败	17
最后	17
奋斗	17
引起	17
上午	16
话	16
秩序	16
提案	16
训练	16
巩固	16
高层	16
当然	16
空军	16
十	16
首相	16
互利	16
突出	16
下午	16
赞赏	16
九	16
特色	16
王伟	16
论坛	16
政党	16
生命	16
发现	16
难	16
在内	16
充满	16
信任	16
第四	16
主题	16
新疆	16
巴	16
开	15
消除	15
站	15
前景	15
法制	15
复杂	15
从事	15
方法	15
入世	15
副主席	15
处	15
速度	15
层次	15
发言人	15
世贸	15
发射	15
路线	15
一样	15
代	15
各自	15
前提	15
探索	15
外长	15
贫困	15
向前	15
飞行	15
自身	15
制造	15
声明	15
审议	15
事情	15
快	15
早	15
族	15
党委	15
李岚清	15
八	15
华人	15
外交部	15
分析	15
重新	15
国务卿	15
鲍威尔	15
至今	15
以后	15
人口	15
呢	15
唐家璇	15
透露	15
霸权主义	15
国外	15
消费	14
推行	14
一再	14
党员	14
仍然	14
上台	14
资本	14
选举	14
人民币	14
侵略	14
培训	14
来到	14
空间	14
签署	14
予以	14
涉及	14
危险	14
伊拉克	14
吕秀莲	14
双	14
日益	14
小组	14
密切	14
遵守	14
反华	14
设施	14
侦察	14
当时	14
周年	14
联系	14
总书记	14
绝	14
冲突	14
公布	14
怎样	14
值得	14
当今	14
虽	14
阶级	14
满意	14
宪法	14
发言	14
呼吁	14
前途	14
下去	14
同意	14
丰富	14
追求	14
看法	14
言	14
完整	13
印	13
市	13
事故	13
行业	13
区域	13
压力	13
低	13
当地	13
公安	13
职能	13
自主	13
底	13
展开	13
连	13
半	13
反映	13
成就	13
负责人	13
法规	13
职责	13
差距	13
清醒	13
国民党	13
民进党	13
超过	13
外资	13
本质	13
件	13
突破	13
避免	13
立即	13
诚意	13
伊朗	13
相当	13
即	13
安理会	13
冲击	13
青少年	13
圆满	13
举	13
岁	13
相关	13
衷心	13
局面	13
历来	13
以下	13
这里	13
控制	13
有些	13
谈到	13
南	13
反应	13
反导	13
一致	13
统计	13
核武器	13
所以	13
像	13
生态	13
你们	13
实力	13
课题	13
无法	13
义务	13
彼此	13
缺乏	13
评价	13
司法	12
那些	12
步	12
海外	12
机会	12
紧张	12
飞行员	12
消息	12
迟浩田	12
财产	12
酞空	12
政权	12
转向	12
九五	12
考察	12
属于	12
书记	12
多数	12
会计	12
商业	12
教训	12
草案	12
法	12
健全	12
行径	12
即将	12
制约	12
制裁	12
所在	12
座谈会	12
沿海	12
大业	12
各界	12
有所	12
失败	12
经	12
问候	12
协调	12
支付	12
家庭	12
举措	12
高级	12
导致	12
错误	12
确定	12
性质	12
热烈	12
分歧	12
卫星	12
机场	12
抓住	12
自由	12
不管	12
吗	12
工资	12
停止	12
途径	12
依靠	12
北	12
客观	12
老	12
来说	12
批准	12
集体	12
标志	12
中国人	12
做法	12
几乎	12
某	12
一旦	11
初步	11
价格	11
需	11
学校	11
解释	11
治理	11
对方	11
紧密	11
据悉	11
观念	11
不懈	11
华侨	11
具备	11
购买	11
怎么	11
指挥	11
有利	11
宏观	11
县	11
迅速	11
意味	11
转达	11
强化	11
侵犯	11
唯一	11
元首	11
取消	11
科研	11
担心	11
当年	11
与会	11
期待	11
请	11
谁	11
尉健行	11
尚	11
赢得	11
面向	11
文章	11
祝贺	11
公报	11
约	11
论	11
按	11
武力	11
相应	11
严打	11
作风	11
今日	11
违反	11
拒绝	11
离开	11
商务	11
承担	11
主持	11
确实	11
官兵	11
平衡	11
决	11
显示	11
在于	11
大使	11
种种	11
持	11
消极	11
抓	11
大局	11
损害	11
出售	11
危害	11
类	11
风险	11
防止	11
副总理	11
竞争力	11
能源	11
权力	11
违法	11
朋友	11
特殊	11
障碍	11
睦邻	11
规范	11
先生	11
采访	11
就职	11
自治区	11
业务	11
大战	11
观点	11
警惕	11
设备	11
无疑	11
不满	11
做出	11
选拔	10
当选	10
奉行	10
属	10
历史性	10
动员	10
总体	10
军备	10
肯定	10
报导	10
伊	10
暴露	10
土地	10
酞平洋	10
电视	10
优惠	10
企图	10
硬	10
一道	10
全会	10
公里	10
强大	10
议员	10
右翼	10
协商	10
工人	10
同样	10
手	10
时候	10
毛泽东	10
告诉	10
民间	10
振兴	10
暴力	10
背景	10
议案	10
拥有	10
日前	10
明年	10
磋商	10
非洲	10
争取	10
清楚	10
民主党	10
年度	10
先进性	10
动力	10
程序	10
遭到	10
演练	10
视为	10
抵达	10
提升	10
成本	10
武装	10
回归	10
执政	10
搞好	10
空中	10
六	10
公正	10
那么	10
领空	10
平均	10
条例	10
亲切	10
见	10
案件	10
信念	10
赴	10
引发	10
之中	10
道德	10
成绩	10
非法	10
德国	10
越南	10
美国人	10
台北	10
英	10
出来	10
台商	10
遭受	10
国防部	10
规则	10
谋求	10
除	10
六月	10
中外	10
军方	10
把握	10
规律	10
前往	10
安排	10
攻击	10
任	10
台阶	10
敌人	10
看待	9
组建	9
刚刚	9
知	9
一系列	9
应用	9
若干	9
潜力	9
及时	9
战略性	9
外贸	9
构成	9
言论	9
遏制	9
跟	9
学者	9
走上	9
立法	9
自焚	9
公民	9
二十一	9
一行	9
决议	9
些	9
内部	9
乃至	9
收支	9
亚	9
院校	9
思路	9
成员国	9
昨天	9
真	9
您	9
能否	9
潜艇	9
为什么	9
艰苦	9
官方	9
阁下	9
现状	9
痴迷者	9
境内	9
无论	9
石油	9
海协	9
防范	9
东盟	9
说法	9
运行	9
理想	9
战术	9
维持	9
原来	9
思维	9
本人	9
二十	9
议长	9
有力	9
严峻	9
支	9
开拓	9
股票	9
来访	9
自然	9
重要性	9
负担	9
强	9
模式	9
换	9
强硬	9
角度	9
采用	9
章启月	9
研制	9
战线	9
典型	9
全部	9
培育	9
中亚	9
加剧	9
高等	9
亦	9
感情	9
路	9
将来	9
评论	9
番	9
发行	9
其次	9
年轻	9
一般	9
有限	9
内需	9
跨国	9
传媒	9
似乎	9
方案	9
党派	9
撞机	9
神圣	9
直	9
信心	9
参观	9
谈话	9
广东	9
马	9
者	9
竞选	9
初	9
侦察机	9
区	9
显然	9
财务	9
变	9
大选	9
近日	9
整治	8
明白	8
价值	8
指	8
从来	8
阐述	8
负面	8
十月	8
变成	8
妥善	8
人道主义	8
推向	8
见面	8
资产	8
居民	8
依然	8
认同	8
举办	8
主流	8
反腐败	8
政治局	8
韩	8
小康	8
新型	8
做到	8
文件	8
新加坡	8
竞赛	8
满足	8
演说	8
围绕	8
专项	8
时刻	8
委托	8
汇率	8
分配	8
面积	8
仅	8
物质	8
当天	8
导航	8
信仰	8
防空	8
依照	8
军机	8
出发	8
大胆	8
离	8
它们	8
思考	8
奥尔布赖特	8
裁军	8
多极化	8
外商	8
缓解	8
常委	8
至于	8
命运	8
编制	8
前所未有	8
众所周知	8
贷款	8
活跃	8
开幕	8
七一	8
表达	8
拥护	8
往往	8
隆重	8
若	8
不久	8
赤字	8
千	8
五月	8
克服	8
倍	8
公约	8
决心	8
品种	8
求	8
审计	8
起到	8
只是	8
那样	8
尽	8
道理	8
随后	8
设立	8
协助	8
研讨会	8
转变	8
处于	8
知道	8
频繁	8
成熟	8
迎接	8
七	8
战机	8
悠久	8
经常	8
句	8
当代	8
留下	8
巴基斯坦	8
引导	8
胜利	8
彻底	8
究竟	8
互信	8
往来	8
接待	8
毒品	8
岛	8
图谋	8
保卫	8
特区	8
依据	8
台海	8
失去	8
祝愿	8
对待	8
没	8
航天	8
配合	8
遇到	8
协作	8
自律	8
学生	8
其它	8
别人	8
缺	8
职工	8
省委	8
步伐	8
战	8
纲要	7
补充	7
防护	7
期	7
对策	7
合法	7
四月	7
听	7
哲学	7
专利	7
相对	7
呈现	7
案	7
布希	7
正常化	7
学科	7
面前	7
周边	7
队伍	7
领袖	7
保险	7
民营	7
言行	7
分割	7
严肃	7
长	7
白	7
尤其是	7
内地	7
中巴	7
如今	7
情报	7
朱邦造	7
调控	7
迄今	7
总值	7
山东	7
掌握	7
外来	7
党校	7
曾经	7
高原	7
信托	7
意大利	7
合资	7
长远	7
声称	7
吴邦国	7
青年	7
布莱尔	7
刺激	7
部	7
钱	7
即使	7
交	7
至少	7
军用	7
温家宝	7
律师	7
更为	7
形态	7
和解	7
潮流	7
落后	7
民事	7
参拜	7
统	7
进口	7
缓和	7
网站	7
谢长廷	7
互联网	7
具	7
套	7
体育	7
下来	7
协会	7
回应	7
策略	7
表述	7
分	7
核	7
客人	7
深深	7
东亚	7
注重	7
时报	7
干扰	7
写	7
捍卫	7
大门	7
话题	7
联盟	7
尽快	7
网	7
连续	7
上来	7
原	7
死	7
通讯社	7
任命	7
昨日	7
空袭	7
哪些	7
迎来	7
预计	7
行使	7
通信	7
抗议	7
张	7
劳动	7
破产	7
名义	7
型	7
协定	7
至关	7
干	7
除了	7
互访	7
总结	7
容易	7
奠定	7
从而	7
车	7
广播	7
招待会	7
优秀	7
纪律	7
愤慨	7
恶化	7
科索沃	7
办	7
下降	7
放	7
回到	7
恐怕	7
容	7
远	7
宣言	7
工业化	7
架	7
事项	7
适当	7
鼓吹	7
动摇	7
海关	7
白皮书	7
资本主义	7
战法	7
全球性	7
二月	7
艰巨	7
印象	7
伤亡	7
借鉴	7
北戴河	7
宝贵	7
权威	7
加深	7
纲领	7
市长	7
争端	7
某些	7
大家	7
着重	7
活力	7
尊严	7
交通	7
泰	7
白宫	7
跨越	7
印尼	7
华盛顿	7
开辟	7
东西	7
无论是	6
场所	6
货币	6
户	6
灾害	6
推广	6
意志	6
灾难	6
藏	6
状态	6
严厉	6
工作者	6
军区	6
信息化	6
并没有	6
禁止	6
妻子	6
为何	6
逐渐	6
老一辈	6
之所以	6
高雄	6
法治	6
数字	6
淘汰	6
远远	6
国情	6
战斗	6
团体	6
促	6
有序	6
得以	6
阻挠	6
实事求是	6
实际上	6
二十日	6
找到	6
坚定不移	6
上任	6
炮兵	6
台湾岛	6
相比	6
紧迫	6
航母	6
为主	6
另外	6
主导	6
代价	6
吸引	6
部长级	6
实质性	6
宗旨	6
哪	6
特大	6
成长	6
不足	6
总之	6
让步	6
享有	6
定位	6
实验室	6
全军	6
有助于	6
电信	6
形象	6
摆	6
参议院	6
不得不	6
委员们	6
绝大多数	6
仪式	6
此后	6
计算机	6
最大	6
议题	6
民意	6
资料	6
拖延	6
经费	6
全局	6
身	6
担任	6
指示	6
虚拟	6
位置	6
朝韩	6
遗憾	6
世界观	6
间谍	6
字	6
大规模	6
军国主义	6
陪同	6
防务	6
夫人	6
确立	6
吴仪	6
其实	6
上升	6
叙	6
人事	6
坐	6
大大	6
检验	6
提倡	6
积累	6
上市	6
朱亚衍	6
材料	6
遵循	6
减轻	6
出于	6
无赖	6
高新	6
申请	6
办公室	6
拓展	6
富裕	6
法案	6
深思	6
治国	6
率领	6
收费	6
相继	6
内涵	6
制造业	6
刑事	6
父母	6
多边	6
可行	6
后果	6
号	6
主管	6
等于	6
现场	6
致力于	6
百分点	6
不但	6
世人	6
损失	6
提前	6
扶贫	6
正义	6
永远	6
共和党	6
三月	6
柬	6
南北	6
扎实	6
几十	6
赞成	6
军人	6
龙永图	6
审批	6
鲜明	6
策划	6
海南	6
熟悉	6
签订	6
之际	6
事关	6
凝聚力	6
指标	6
震惊	6
小泉	6
人心	6
构想	6
专门	6
孙玉玺	6
靖国神社	6
打破	6
陵水	6
数量	6
政治家	6
三峡	6
近来	6
军委	6
煤矿	6
有益	6
封建	6
派	6
小时	6
采购	6
东南	6
国力	6
毫	6
受益	6
争	6
仅仅	6
爱国	6
京	6
文学	6
吸收	6
根	6
鼓励	6
常	6
歪曲	6
初期	6
奥运会	6
失业	6
阿拉伯	6
廉洁	6
左右	6
与会者	6
早日	6
一九九九年	6
退税	6
分钟	6
主动	6
变得	6
效率	6
真实	6
人物	6
法国	6
光荣	6
命令	6
相	6
公共	6
发布会	6
莫斯科	6
渠道	6
电力	6
格局	6
霸道	6
修正案	6
接近	6
篇	6
自我	6
的话	6
达赖	6
轮	5
理性	5
南斯拉夫	5
难度	5
推出	5
出去	5
数十	5
大部分	5
马克思	5
试点	5
对手	5
使命	5
大型	5
限度	5
居	5
放松	5
国际法	5
大约	5
职业	5
舰队	5
反而	5
模糊	5
一月	5
答	5
阻碍	5
以往	5
登陆	5
建设性	5
展览	5
待遇	5
极端	5
相连	5
加以	5
普遍性	5
高于	5
解放军	5
那里	5
近期	5
精心	5
他人	5
深圳	5
疑问	5
加	5
骨干	5
清晰	5
干预	5
防空兵	5
维和	5
示威	5
柬埔寨	5
启动	5
援助	5
福州	5
软件	5
份	5
复兴	5
亲自	5
战时	5
债务	5
耶路撒冷	5
泰国	5
出版	5
智利	5
供应	5
俄方	5
副部长	5
枚	5
迫切	5
效果	5
发扬	5
提问	5
黑	5
学员	5
独特	5
补贴	5
转移	5
声音	5
新党	5
预防	5
探讨	5
更新	5
足够	5
廉政	5
打赢	5
产量	5
贩毒	5
预警	5
纪念	5
各位	5
金大中	5
公路	5
手续	5
深远	5
霸权	5
足以	5
极为	5
合力	5
解除	5
教师	5
主任	5
专业	5
实质	5
道歉	5
战区	5
什么样	5
跨越式	5
审理	5
赋予	5
促使	5
警告	5
首要	5
星球	5
李瑞环	5
叙利亚	5
兼并	5
救助	5
循环	5
颇	5
回避	5
信赖	5
赢	5
无产	5
金额	5
何	5
作品	5
办理	5
互惠	5
阿富汗	5
关岛	5
持久	5
摆脱	5
奖	5
有机	5
由衷	5
邻邦	5
模拟	5
福建省	5
忠实	5
日趋	5
访问团	5
最新	5
抉择	5
破获	5
火力战	5
地下	5
拒	5
必要性	5
十一月	5
控股	5
联邦	5
沪	5
纷纷	5
七月	5
合成	5
良性	5
走私	5
环节	5
海基会	5
乌拉圭	5
岗位	5
海空	5
减税	5
退出	5
吃	5
准则	5
监管	5
军控	5
研讨	5
投资者	5
咨询	5
源远流长	5
坚强	5
八十	5
旅游	5
观察	5
乱	5
反复	5
首都	5
统治	5
听取	5
北方	5
价值观	5
花	5
感	5
论述	5
大幅	5
教授	5
怕	5
教科书	5
敏感	5
够	5
气氛	5
节水	5
上下	5
投票	5
疑虑	5
过来	5
阵地	5
且	5
突然	5
战斗力	5
职务	5
城镇	5
战场	5
撤军	5
第七	5
公平	5
评估	5
矿产	5
移民	5
兄弟	5
脱困	5
警示	5
权益	5
普及	5
工商	5
练习者	5
办事	5
天安门	5
歪理邪说	5
应有	5
别	5
身上	5
广阔	5
上海市	5
悲剧	5
加紧	5
执法	5
广州	5
尝试	5
党政	5
特征	5
打开	5
智慧	5
陆军	5
国债	5
议定书	5
国王	5
副	5
生育	5
班子	5
富有	5
对付	5
工商界	5
科学院	5
拦截	5
全民	5
优良	5
崇高	5
大批	5
比重	5
一起	5
儿童	5
或者	5
住	5
铁路	5
谴责	5
旗帜	5
二十多	5
深厚	5
激励	5
忘记	5
化解	5
顽固	5
毁灭	5
战斗机	5
股东	5
尼泊尔	5
股	5
短暂	5
历程	5
承受	5
模范	5
脱离	5
后来	5
享受	5
代替	5
高校	5
哈	5
边界	5
互动	5
平时	5
庞大	5
弹道	5
爱国主义	5
为期	5
失	5
美机	5
办好	5
波折	5
出路	5
电脑	5
张万年	5
比例	5
艺术	5
激烈	5
类似	5
支柱	5
军费	5
总量	5
尤其	5
逐年	5
平静	5
伴随	5
国企	5
峰会	5
身份	5
考验	5
周	5
大使馆	5
人均	5
宪章	5
排除	5
北京市	5
开支	5
轰炸	5
报纸	5
显得	5
纽约	5
中新社	5
一下	5
交涉	5
经合	5
审查	5
概括	5
距离	5
加拿大	5
汇报	5
企业家	5
自觉	5
商谈	5
爱	5
坚信	5
丧失	5
使得	5
使馆	5
乡镇	5
八国	5
上半年	5
授予	5
敢	4
牺牲	4
凡是	4
劳工	4
开端	4
陈德良	4
热门	4
西哈努克	4
不惜	4
拿出	4
跨	4
自动化	4
潜在	4
文	4
忠于	4
行政区	4
渐渐	4
通道	4
严正	4
森喜朗	4
线	4
认证	4
总数	4
瓦杰帕伊	4
核裁军	4
图	4
储量	4
系	4
性能	4
审判	4
关闭	4
修订	4
巡航	4
社会化	4
交易	4
通讯	4
工具	4
过渡	4
好处	4
带	4
份额	4
心	4
监控	4
雄壮	4
声	4
驻华	4
和谈	4
劳动力	4
少	4
座谈	4
以为	4
出动	4
责任人	4
缩小	4
动作	4
起码	4
内阁	4
研发	4
致以	4
革命家	4
亲密	4
善意	4
释放	4
中西部	4
高速	4
克罗地亚	4
判处	4
否认	4
扬言	4
参院	4
上岗	4
阿	4
贵国	4
判断	4
科学家	4
随	4
派出	4
兴趣	4
不良	4
退耕	4
请求	4
罚款	4
文本	4
申奥	4
集会	4
游戏	4
跑到	4
将军	4
沈国放	4
宣称	4
前列	4
当事人	4
沙特阿拉伯	4
肩负	4
伪装	4
造福	4
时事	4
眼睛	4
海上	4
正视	4
须	4
成克杰	4
团	4
警方	4
子孙	4
通报	4
较为	4
辞职	4
末	4
牢牢	4
行之有效	4
妇女	4
后者	4
之外	4
宣告	4
总经理	4
子	4
练	4
金正日	4
结论	4
光辉	4
测试	4
李肇星	4
安南	4
大中型	4
总部	4
付出	4
示威者	4
十五日	4
姿态	4
前夕	4
宏伟	4
实战	4
军舰	4
别的	4
在座	4
下台	4
意外	4
更换	4
流域	4
紧急	4
强权	4
预料	4
想要	4
抓获	4
优化	4
公斤	4
看望	4
人为	4
差异	4
荣幸	4
同志们	4
积极性	4
支出	4
福建	4
不安	4
城市化	4
头目	4
消失	4
致	4
污染	4
先后	4
出台	4
真诚	4
变革	4
竟然	4
中旬	4
运作	4
怀诚	4
流通	4
边	4
致使	4
常规	4
质疑	4
清华	4
学说	4
白俄罗斯	4
目睹	4
权	4
资格	4
大多数	4
第十	4
税收	4
先	4
镇	4
来源	4
港	4
回顾	4
贸易额	4
小麦	4
此前	4
引进	4
角	4
尼	4
随时	4
南海	4
分析家	4
山水	4
预言	4
东部	4
珍视	4
董建华	4
民调	4
冲绳	4
国家主席	4
李远哲	4
洛杉矶	4
起草	4
急	4
全力	4
下岗	4
看好	4
外经贸部	4
幕	4
菲律宾	4
证券	4
阿拉法特	4
冷静	4
之上	4
实效	4
短期	4
数据	4
曾庆红	4
既然	4
水利	4
科学界	4
嘴	4
桥梁	4
勾结	4
分工	4
缺少	4
煤炭	4
应对	4
飞弹	4
私利	4
团伙	4
算	4
上去	4
二十八日	4
军官	4
携手	4
申办	4
这么	4
边防	4
垄断	4
专讯	4
婚姻	4
剥削	4
千方百计	4
农场	4
远程	4
叶选平	4
沿着	4
发展史	4
遭	4
时机	4
发出	4
常任	4
巨额	4
共享	4
独	4
告别	4
累计	4
降低	4
综述	4
专政	4
南非	4
效应	4
南亚	4
庆祝	4
易	4
多样化	4
蓬勃	4
寻求	4
第	4
多样性	4
例如	4
业绩	4
找	4
当作	4
老百姓	4
监察	4
施政	4
推	4
反击	4
浙江	4
坚实	4
公务员	4
意愿	4
百	4
罪	4
广场	4
得益于	4
提请	4
陷入	4
税费	4
死亡	4
认定	4
层	4
财富	4
到达	4
九二	4
务实	4
政局	4
出访	4
难得	4
第五十七	4
回	4
婚姻法	4
准入	4
外相	4
生存	4
无限期	4
年底	4
商定	4
自强	4
妥协	4
两国论	4
替代	4
罪恶	4
防	4
进	4
之前	4
澳	4
调动	4
灾区	4
一点	4
股市	4
专题	4
袭击	4
根本性	4
自信	4
前不久	4
通	4
强劲	4
争论	4
大厦	4
财经	4
指责	4
界	4
据说	4
动向	4
麻烦	4
共同点	4
思潮	4
下旬	4
职位	4
氛围	4
明报	4
升级	4
发放	4
共和	4
戈尔	4
东方	4
表态	4
气愤	4
商会	4
常务	4
预见	4
境外	4
之下	4
保护主义	4
计委	4
倡导	4
高官	4
合并	4
转化	4
身为	4
道	4
东京	4
信息战	4
曲折	4
头	4
朝着	4
陈	4
固定	4
巴拉克	4
框架	4
提法	4
鼓舞	4
负有	4
必由之路	4
城乡	4
安置	4
代表们	4
抛出	4
答应	4
齐抓共管	4
记者会	4
赞扬	4
感受	4
恐怖主义	4
向上	4
引向	4
盟国	4
副委员长	4
抵御	4
卫生	4
参选	4
敬意	4
地理	4
发	4
周围	4
面貌	4
增多	4
南方	4
树立	4
管	4
轰炸机	4
西北	4
祝	4
子女	4
公然	4
很大	4
细致	4
拉姆斯菲尔德	4
考量	4
商品	4
倡议	4
下场	4
角色	4
德才	4
登记	4
爆炸	4
相反	4
误解	4
汽车	4
邻国	4
估计	4
票	4
存款	4
夜	4
届时	4
立委	4
安宁	4
大多	4
供	4
检阅	4
多样	4
辉煌	4
墨西哥	4
通知	4
伯杰	4
火箭	4
四日	4
加上	4
警察	4
关税	4
国土	4
平息	4
看来	4
真的	4
海湾	4
最初	4
发动机	4
学术	4
繁重	4
试验	4
吨	4
三军	4
果断	4
定	4
本来	4
飞抵	4
修炼	4
传播	4
书面	4
渗透	4
轨道	4
偷渡	4
从此	4
第二十三	3
海域	3
湖南	3
广西	3
离境	3
十二	3
贬值	3
重演	3
废止	3
风俗	3
不禁	3
二十三日	3
否则	3
称为	3
管制	3
办公厅	3
困境	3
特性	3
妄图	3
挫折	3
霍尔布鲁克	3
看清	3
称号	3
压迫	3
首席	3
充当	3
产值	3
富强	3
政务	3
沟通	3
第二十	3
左派	3
非公有制	3
英雄	3
尽早	3
满	3
九九年	3
所得税	3
兼备	3
顾	3
眼	3
候选人	3
十七	3
团长	3
石广生	3
艘	3
近代	3
担忧	3
说成	3
理事会	3
法定	3
政界	3
乌克兰	3
政制	3
航空兵	3
陆续	3
节约	3
基辛格	3
抨击	3
反卫星	3
一九九六年	3
借助	3
拉萨	3
古	3
强盛	3
天然气	3
联勤	3
过分	3
抓紧	3
阿尔及利亚	3
马耳他	3
愈演愈烈	3
十八	3
宣示	3
倾注	3
复杂性	3
说服	3
被告人	3
源头	3
兴衰	3
营造	3
支队	3
抬头	3
泉州	3
一体化	3
力争	3
副主任	3
人力	3
煽动	3
削弱	3
到底	3
作者	3
生产者	3
激起	3
愤怒	3
总是	3
帝国主义	3
四十	3
连任	3
恪守	3
演讲	3
嫌疑人	3
假如	3
逻辑	3
只好	3
国界	3
刻意	3
整顿	3
信	3
京都	3
校外	3
充实	3
军魂	3
优质	3
交替	3
伦敦	3
领导者	3
透过	3
航空母舰	3
活生生	3
搜寻	3
泄密	3
注册	3
省长	3
作业	3
附近	3
轿车	3
独资	3
监督法	3
二一年	3
难题	3
驱使	3
共产主义	3
军火	3
观察家	3
闹事	3
经受	3
设计	3
湖北	3
本着	3
处在	3
酞平	3
神盾	3
透明	3
日美	3
挑衅	3
截至	3
卡斯特罗	3
诸多	3
车臣	3
指数	3
擅自	3
阻挡	3
一九九四年	3
发展权	3
纳	3
善于	3
过于	3
中德	3
富	3
端倪	3
千万	3
着陆	3
监视	3
不幸	3
力求	3
配备	3
司令	3
走私案	3
自动	3
摩洛哥	3
运动	3
操作	3
主线	3
提拔	3
艰辛	3
保险业	3
节目	3
试射	3
做为	3
瞩目	3
以前	3
定期	3
关切	3
调度	3
城镇化	3
恐怖	3
看看	3
建造	3
解开	3
处罚	3
全心全意	3
文字	3
假冒	3
成行	3
憎恨	3
依托	3
收到	3
紧迫感	3
黑手党	3
归还	3
漏洞	3
干出	3
增长率	3
一如既往	3
值	3
变动	3
立刻	3
平稳	3
存亡	3
发问	3
感染	3
钻石	3
聪明	3
起伏	3
洽谈会	3
旅	3
治	3
辩证	3
巡逻	3
仪仗队	3
世代	3
调节	3
复杂化	3
公众	3
相撞	3
判决	3
雷达	3
事物	3
装	3
围堵	3
磨难	3
波兰	3
占领	3
凌晨	3
可能性	3
疏导	3
扶持	3
编辑	3
忽略	3
情绪	3
反面	3
纽带	3
看出	3
消灭	3
攻坚	3
推荐	3
自从	3
飞跃	3
港口	3
骗取	3
人生	3
办公	3
兵力	3
足	3
民用	3
坏	3
起点	3
外部	3
方便	3
所长	3
典礼	3
提醒	3
期望	3
记忆犹新	3
剥夺	3
标题	3
储蓄	3
声势	3
贾庆林	3
中断	3
封锁	3
或许	3
投放	3
谋划	3
宗教界	3
授权	3
买	3
同盟	3
荣誉	3
再度	3
边境	3
恶	3
后勤	3
内战	3
胜	3
头脑	3
日子	3
炸药	3
唯物主义	3
设置	3
要素	3
和谐	3
带动	3
规章	3
十二月	3
拭目以待	3
王牌	3
交给	3
率	3
民族主义	3
人防	3
烈火	3
弱点	3
回访	3
到访	3
不利	3
献身	3
打下	3
划分	3
审视	3
局部	3
不利于	3
王在希	3
李少民	3
兴建	3
活	3
幸福	3
视野	3
重重	3
正气	3
拟	3
故意	3
副总统	3
相处	3
概念	3
基本上	3
暗示	3
酞大	3
普通	3
聚集	3
倍感	3
听到	3
表演	3
塔	3
极力	3
基金	3
然后	3
地缘	3
中宣部	3
设有	3
政	3
克	3
读者	3
词	3
代理人	3
今晚	3
软	3
面	3
率先	3
猖獗	3
米	3
对峙	3
政客	3
机械	3
气象	3
造就	3
正统	3
态势	3
东南亚	3
否决	3
停火	3
待	3
素养	3
获	3
牺牲品	3
公安部	3
深切	3
确认	3
徒刑	3
示范	3
终于	3
灵活	3
预测	3
纳入	3
舞台	3
扭曲	3
色彩	3
魅力	3
热爱	3
儿子	3
表决	3
陕西	3
巴西	3
趋于	3
九月	3
度	3
纯	3
滞后	3
趋向	3
列宁主义	3
身边	3
关联	3
策	3
乘	3
暗中	3
地球	3
害怕	3
可耻	3
抱怨	3
闹剧	3
三分之二	3
战备	3
石	3
姓	3
演变	3
表彰	3
优越	3
致函	3
留给	3
增幅	3
心声	3
与否	3
侦查	3
警觉	3
蛮横	3
愈来愈	3
义愤填膺	3
混乱	3
承包	3
合适	3
外界	3
缴纳	3
实	3
承前启后	3
公认	3
颗	3
军工	3
凭证	3
大连	3
发扬光大	3
比赛	3
姜春云	3
世	3
访日	3
一九九五年	3
宗	3
高效	3
博士	3
自治	3
转业	3
武警	3
掉	3
强国	3
例	3
惜	3
岛内	3
曹刚川	3
虚假	3
互相	3
医院	3
练兵	3
威胁论	3
校长	3
市民	3
法人	3
'	3
深情	3
相辅相成	3
下半年	3
内资	3
天津	3
伊万诺夫	3
可是	3
走势	3
初级	3
检察院	3
防治法	3
网吧	3
流失	3
抱	3
优先	3
题目	3
继承	3
提	3
消费者	3
宁夏	3
题	3
汪道涵	3
加速	3
界定	3
下跌	3
旧	3
物价	3
台胞	3
动用	3
倒退	3
有时	3
村	3
在野	3
科学化	3
观光	3
现有	3
检察	3
成分	3
治本	3
高雄市	3
转机	3
分化	3
中去	3
翻开	3
油价	3
共产党人	3
严重性	3
衡量	3
义不容辞	3
日方	3
里程碑	3
箱	3
信号	3
利	3
残酷	3
提交	3
总的	3
并且	3
支援	3
基石	3
爆发	3
交织	3
现	3
革新	3
持有	3
死刑	3
壮大	3
稳步	3
共处	3
一九九七年	3
纠纷	3
拉大	3
中文	3
实质上	3
新兴	3
紧缩	3
样子	3
利率	3
刘	3
环保	3
东北	3
三十日	3
亚美尼亚	3
赫尔姆斯	3
渡海	3
党制	3
观其行	3
本文	3
晚宴	3
继往	3
按时	3
幌子	3
危及	3
对象	3
监狱	3
知情	3
欢庆	3
私营	3
回升	3
逆转	3
爱国者	3
气候	3
悄然	3
何方	3
迫害	3
骗	3
标语	3
押	3
二五年	3
藉	3
安定	3
紧迫性	3
送	3
于是	3
群体	3
余	3
打假	3
攻关	3
箭	3
显着	3
种植	3
赖斯	3
期盼	3
可持续	3
人人	3
中青年	3
本领	3
国歌	3
翻天覆地	3
愈加	3
就任	3
花圈	3
穷国	3
人权会	3
真相	3
理事国	3
维系	3
助理	3
波罗的海	3
总额	3
发动	3
愉快	3
弘扬	3
争夺	3
增至	3
个别	3
事态	3
倾向	3
驱逐舰	3
勉励	3
面目	3
掌声	3
基本法	3
员工	3
政体	3
参议员	3
典范	3
选用	3
探测器	3
借口	3
跟踪	3
成都	3
非但	3
区域性	3
一九九八年	3
联署	3
基督教	3
多元	3
游行	3
散布	3
怀疑	3
事迹	3
变更	3
新任	3
供给	3
委托人	3
众议院	3
出发点	3
亩	3
长治久安	3
趋	3
战士	3
作好	3
兵	3
市政府	3
眼光	3
连战	3
理由	3
电视台	3
转让	3
传达	3
卓有	3
抵	3
和睦	3
困扰	3
契机	3
特尼特	3
谈及	3
精力	3
象	3
一半	3
未成年	3
河野洋平	3
诞生	3
延续	3
丰硕	3
拉	3
不同于	3
隐含	3
美好	3
介入	3
象牙	3
民主化	3
取缔	3
拜登	3
水污染	3
僵局	3
罪行	3
人身	3
天主教	3
难道	3
主办	3
阿根廷	3
炸	3
黑龙江省	3
开创	3
取代	3
新闻界	3
旅游业	3
核实	3
同等	3
生效	3
自治法	3
兑现	3
基于	3
军界	3
一九九一年	3
多万	3
寻找	3
股份	3
制订	3
互补	3
领会	3
激荡	3
被捕	3
指南	3
简要	3
非正式	3
人造	3
弊端	3
应邀	3
皆	3
自行	3
永久	3
艰难	3
朱总理	3
外事	3
年初	3
降落	3
祗是	3
第十一	3
同步	3
低于	3
往年	3
土壤	3
南京	3
源	3
主体	3
考核	3
东山	3
查处	3
等等	3
民主党人	3
雄辩	3
遗留	3
分裂主义	3
后期	3
扩张	3
射程	3
到来	3
阿萨德	3
赞同	3
致电	3
亏损	3
十多	3
唐飞	3
城	3
万亿	3
歧视	3
减速	3
改	3
鉴于	3
牵涉	3
八月	3
边疆	3
埃及	3
真理	3
一味	3
全方位	3
里面	3
保留	3
老挝	3
生前	3
予	3
郭金龙	3
原本	3
修宪	3
外债	3
践踏	3
被迫	3
医学	3
带有	3
鲍尔	3
晚间	3
游说	3
深度	3
善	3
增	3
铲除	3
撞	3
相似	3
十七日	3
在一起	3
季度	3
电话	3
配置	3
威武	3
不得人心	3
凝聚	3
回国	3
苦	3
炒作	3
债	3
替	3
开来	3
蒋正华	3
入主	3
关系史	3
论断	3
到头来	3
坦克	3
回旋	2
钟	2
逼供	2
清理	2
年龄	2
卓越	2
接任	2
普罗迪	2
二十一日	2
出任	2
记下	2
多重	2
不折不扣	2
朱丽兰	2
平壤	2
鬼话	2
里根	2
林和立	2
叫	2
直升机	2
阶段性	2
煤	2
幼儿园	2
大小	2
英雄主义	2
涨	2
结构性	2
原先	2
极其	2
施加	2
同仇敌忾	2
联谊会	2
轻	2
亚欧	2
篇幅	2
管理者	2
带头	2
略	2
选准	2
动乱	2
期刊	2
忍	2
管道	2
塔利班	2
格外	2
炮制	2
功夫	2
补偿费	2
市场化	2
超出	2
后备	2
入伍	2
转播	2
今次	2
阵营	2
缅	2
阿联酋	2
习惯	2
道教	2
日渐	2
不败之地	2
截止	2
食盐	2
饮用水	2
下载	2
总计	2
通力合作	2
十一	2
吉林省	2
行贿	2
区别	2
佛教	2
功绩	2
篇章	2
服从	2
发布	2
正当	2
得逞	2
春节	2
意思	2
十八日	2
便利	2
李鸿禧	2
课堂	2
焕发	2
纠风	2
如实	2
归纳	2
飞到	2
评比	2
展	2
决定性	2
农民工	2
三亚市	2
驻地	2
罗干	2
留	2
奉命	2
处分	2
家门口	2
摧毁	2
日程	2
特首	2
秋季	2
预定	2
宇航员	2
声浪	2
结晶	2
精华	2
有意	2
营业	2
一度	2
会场	2
减弱	2
核查	2
大都	2
影视	2
单极	2
机密	2
漫长	2
空调	2
洲际	2
棋子	2
整肃	2
南昌	2
纸	2
着想	2
何处	2
铺开	2
步骤	2
取决于	2
归功于	2
啦	2
上级	2
融资	2
旅居	2
强行	2
人家	2
讨伐	2
军力	2
关系法	2
炮	2
司	2
敌视	2
联席	2
巴方	2
游览	2
姐妹们	2
风云	2
反邪教	2
布局	2
棘手	2
许可	2
恶劣	2
秀美	2
房间	2
第九	2
心理	2
祗有	2
饭店	2
法理	2
沈林	2
上校	2
收	2
战云	2
院所	2
孩子	2
奏响	2
编者	2
医科	2
高中	2
社评	2
大好	2
久	2
省份	2
王旭东	2
地处	2
销售	2
上将	2
练习	2
饿	2
阮国琴	2
停车场	2
中期	2
赵衍红	2
卖	2
传出	2
忠诚	2
参谋长	2
因而	2
伙	2
特使	2
朱凤芝	2
顺序	2
历	2
联络	2
风气	2
感动	2
掩护	2
专论	2
萨达姆	2
断交	2
上旬	2
权限	2
违犯	2
前来	2
国旗	2
挑起	2
编队	2
排污	2
出生	2
关上	2
心愿	2
莫大	2
实在	2
换言之	2
撤回	2
紧紧	2
沉默	2
获奖	2
一刻	2
海口市	2
丝毫	2
忽视	2
硝烟	2
唐	2
验收	2
特定	2
专家们	2
杨洁篪	2
启用	2
走访	2
李汉东	2
转折	2
说到底	2
单极化	2
右	2
应付	2
帝国	2
悉尼	2
往	2
搁置	2
任重道远	2
森林	2
聚众	2
安危	2
徐孝慈	2
确	2
物资	2
论证	2
毒害	2
缔约	2
辆	2
刑讯	2
仇恨	2
政策性	2
六国	2
元帅	2
石化	2
瑞士	2
创作	2
述评	2
列宁	2
浮动	2
围攻	2
保护区	2
热心	2
总装	2
集团军	2
讲究	2
务求	2
深感	2
扩散	2
准绳	2
房地产	2
受托人	2
身体	2
甚	2
开发区	2
终将	2
弱化	2
兼施	2
能量	2
伊始	2
崇尚	2
教材	2
海	2
声讨	2
非战	2
朝夕	2
含糊	2
节流	2
李	2
短短	2
文物	2
温饱	2
兴起	2
素	2
开阔	2
单一	2
空间站	2
处以	2
平措	2
迈向	2
作家	2
专访	2
自由化	2
不完全	2
二十九	2
前程	2
暂时	2
纵容	2
来之不易	2
双拥	2
赞	2
屡屡	2
制止	2
第六	2
寄托	2
李文和	2
上空	2
关键性	2
创办	2
震动	2
严明	2
纳拉亚南	2
嘛	2
受阻	2
特派	2
显	2
收集	2
要案	2
放缓	2
说服力	2
国庆	2
批发	2
上面	2
此访	2
讲座	2
来京	2
山川	2
涉足	2
人文	2
巴卢耶夫斯基	2
基金会	2
劣势	2
捷克	2
打私	2
式	2
敌对	2
铁木尔	2
其二	2
指明	2
灿烂	2
贾志杰	2
举动	2
不然	2
中资	2
杨	2
注定	2
洪涝	2
舰船	2
一九八零年	2
评述	2
观察员	2
谢尔盖耶夫	2
品质	2
始终如一	2
中意	2
关押	2
日期	2
穆巴拉克	2
始于	2
穆沙拉夫	2
固然	2
国籍	2
最为	2
专心	2
司令部	2
班	2
打算	2
签字	2
细化	2
效能	2
野战化	2
午宴	2
递交	2
海陆空	2
德拉鲁阿	2
同机	2
西奥	2
地质	2
新民主主义	2
同学	2
抢滩	2
忙	2
姬胜德	2
嘉手纳	2
如期	2
一带	2
照	2
红军	2
识别	2
组委会	2
约束	2
核威慑	2
金牌	2
日元	2
东西部	2
葡	2
乐观	2
北斗	2
南联盟	2
造谣	2
去世	2
党建	2
报告会	2
诉讼	2
交谈	2
刘京	2
财团	2
时光	2
下达	2
基	2
实验	2
过重	2
惯例	2
定局	2
相同	2
代代相传	2
意在	2
全力以赴	2
残害	2
弄虚	2
十六	2
射击	2
酞多	2
景气	2
痴迷	2
勇敢	2
主义	2
雪上加霜	2
阐明	2
治安	2
土库曼斯坦	2
胡鞍钢	2
长度	2
纠正	2
真空	2
唆使	2
慰问	2
路子	2
广度	2
人数	2
荷兰	2
平民	2
学位	2
秋天	2
港人	2
地震	2
共和党人	2
战斗员	2
二十七日	2
产物	2
吞吐量	2
何必	2
有识之士	2
庭审	2
部份	2
七成	2
克雷蒂安	2
天军	2
谋取	2
彩电	2
布赫	2
兑	2
枯竭	2
蒙得维的亚	2
针对性	2
我方	2
抗	2
引渡	2
贴息	2
裁判	2
涉嫌	2
厦华	2
柯林顿	2
歌曲	2
结算	2
反省	2
开庭	2
巴尔干	2
傅铁山	2
非官方	2
动态	2
构建	2
局	2
入党	2
能许	2
自立	2
嚣张	2
减到	2
查获	2
频频	2
赤裸裸	2
民警	2
便捷	2
谨慎	2
抗拒	2
先锋队	2
余地	2
名单	2
张君	2
远见	2
转型	2
第十四	2
执意	2
黑人	2
翻	2
敌方	2
实兵	2
瞄准	2
强度	2
李长春	2
情人	2
吉尔吉斯斯坦	2
伦德	2
常常	2
灵魂	2
展望	2
抛弃	2
设	2
气节	2
华夏	2
会议室	2
公理	2
背离	2
主席台	2
辛格	2
立方米	2
丹麦	2
天基	2
起飞	2
国统会	2
短	2
选	2
台湾人	2
职权	2
纪念馆	2
迈进	2
董事长	2
救	2
席	2
背后	2
联大	2
东	2
李铁映	2
工程师	2
始作俑者	2
意	2
超越	2
驾驭	2
迫降	2
命题	2
地厅级	2
比喻	2
说出	2
稳固	2
老是	2
来临	2
签证	2
旨	2
藏独	2
沙	2
研究班	2
三十	2
包装	2
更大	2
未成年人	2
国策	2
武汉	2
满腔	2
空谈	2
短缺	2
喜马拉雅山	2
踏上	2
所有人	2
爱护	2
纪念碑	2
毕业生	2
较量	2
乌兹别克斯坦	2
全新	2
毕竟	2
劳务	2
全天候	2
蒙古	2
二十五	2
症结	2
分离主义	2
用户	2
远航	2
法庭	2
救援	2
管理法	2
矿	2
中学	2
丰富多彩	2
外出	2
淡化	2
对应	2
揭露	2
哈瓦那	2
金	2
捣乱	2
层出不穷	2
声纳兵	2
倒置	2
安	2
疏散	2
假	2
生存权	2
有线	2
亟	2
根源	2
脆弱	2
用尽	2
汉城	2
也就是说	2
矿工	2
添	2
覆辙	2
苏联	2
大势所趋	2
断然	2
有组织	2
眼泪	2
印刷	2
谬论	2
试图	2
宫城	2
重建	2
单边主义	2
日内瓦	2
国峰会	2
美台	2
左	2
丢	2
强迫	2
多少	2
供求	2
准	2
心情	2
集体主义	2
漠视	2
中阿	2
估价	2
盟友	2
卡里莫夫	2
相距	2
北南	2
纺织品	2
朱锋	2
跨党派	2
所有制	2
马祖	2
筹委会	2
蓝图	2
继	2
连接	2
口号	2
变数	2
集资	2
列确	2
单项	2
刚	2
建成	2
区域化	2
悼念	2
远华	2
发端	2
拍照	2
上班	2
笃实	2
岛国	2
撤销	2
招致	2
东山岛	2
诸如	2
颁布	2
西欧	2
坦率	2
林	2
慎重	2
德	2
逾	2
带入	2
小渊	2
社团	2
当中	2
样式	2
成功率	2
雄厚	2
国统纲领	2
九七年	2
论调	2
戏	2
直航	2
乔宗淮	2
转换	2
毛主席	2
现行	2
当初	2
筹集	2
级别	2
致力	2
热源	2
负隅顽抗	2
电网	2
优美	2
探测	2
不论	2
可口可乐	2
共产党员	2
借机	2
隐蔽	2
治沙法	2
植根于	2
占有	2
学风	2
台风	2
坚定性	2
耗资	2
百余	2
减产	2
广东省	2
预期	2
死伤	2
企业主	2
父子	2
诸	2
客人们	2
依赖于	2
扶养	2
谓	2
稳	2
交接	2
滋事	2
办案	2
责任制	2
打交道	2
散去	2
雪域	2
一向	2
增发	2
崛起	2
制品	2
杜马	2
九十	2
热忱	2
玩	2
咄咄逼人	2
辩护	2
八十年代	2
动物	2
好好	2
心态	2
五十多	2
直辖市	2
堵塞	2
敏感性	2
骚乱	2
夫妻	2
娱乐	2
利比亚	2
五日	2
私人	2
不法	2
集	2
破	2
韩朝	2
会同	2
毁	2
和约	2
在即	2
黄	2
徐匡迪	2
准确	2
教学	2
台资	2
门前	2
分业	2
收效	2
日后	2
近邻	2
依次	2
院	2
省部级	2
遥远	2
结下	2
栏目	2
时间表	2
三千多	2
吧	2
颜面	2
陆委会	2
医疗	2
痛苦	2
想法	2
现今	2
个性	2
宽恕	2
弹	2
支撑	2
妈妈	2
元旦	2
更迭	2
出口额	2
容忍	2
主动权	2
储备	2
区别于	2
丁关根	2
一时	2
融合	2
税目	2
焦点	2
宋健	2
他国	2
为止	2
部长们	2
法派	2
鼓动	2
立党	2
纪检	2
起义	2
五二	2
流亡者	2
射线	2
方略	2
查明	2
尊贵	2
因应	2
局长	2
谋	2
感想	2
地图	2
幽灵	2
单	2
薄弱	2
女性	2
巴拿马	2
所在地	2
被害人	2
必不可少	2
分组	2
侵略者	2
通常	2
行情	2
股权	2
处级	2
罢免案	2
江西	2
诚心诚意	2
还价	2
追究	2
坚守	2
强有力	2
懂得	2
屹立	2
片面	2
章	2
合肥	2
萨拉赫丁	2
中南海	2
管理局	2
工作日	2
巨人	2
文艺	2
得主	2
交通部	2
拿	2
否定	2
抵挡	2
执照	2
提议	2
部下	2
留有	2
来自于	2
拉美	2
承办	2
哪里	2
看成	2
多么	2
飞毛腿	2
切尼	2
检查组	2
险恶	2
致信	2
航空	2
善良	2
抵抗	2
新西兰	2
广告	2
用心	2
洪森	2
阵	2
在场	2
怂恿	2
隐患	2
神父	2
师	2
库存	2
以免	2
创建	2
机载	2
挽救	2
老板	2
旁观者清	2
一九九二年	2
要害	2
跨入	2
强力	2
胡长清	2
最早	2
下月	2
大于	2
巨款	2
过上	2
老人	2
秘密	2
泅渡	2
出资	2
工商联	2
关头	2
扁	2
蛇头	2
教育者	2
软弱	2
修养	2
事务所	2
完备	2
铸	2
日报	2
军校	2
中部	2
病	2
集装箱	2
滩头	2
香皂	2
观看	2
今	2
逃生	2
层层	2
想到	2
随同	2
枢纽	2
截然不同	2
早晚	2
蔓延	2
英勇	2
国体	2
机上	2
萨格勒布	2
品格	2
酞阳	2
艺术家	2
一流	2
致意	2
百姓	2
纽约州	2
论据	2
党纪	2
司长	2
星期日	2
抢	2
形容	2
李氏	2
诞辰	2
切断	2
极端主义	2
组	2
理念	2
议程	2
中通社	2
致富	2
征税	2
摸	2
伊方	2
曲	2
好评	2
转股	2
保守党	2
沦为	2
抑制	2
十分之一	2
何等	2
单方面	2
贵	2
更上一层楼	2
打响	2
巡防	2
特殊性	2
突袭	2
大队	2
千秋	2
扮演	2
二零零零年	2
王乐毅	2
败类	2
批示	2
通航	2
总统府	2
物品	2
补给	2
星	2
前年	2
资助	2
曾培炎	2
德治国	2
波音	2
民	2
重心	2
波	2
钢铁	2
放过	2
自杀	2
不如	2
深表	2
展现	2
预报	2
迅猛	2
开通	2
推迟	2
吉	2
部件	2
立足于	2
学	2
可喜	2
情谊	2
孕育	2
李纪周	2
镇压	2
对照	2
怎么样	2
姆贝基	2
兑换	2
梦想	2
出卖	2
立于	2
岁月	2
确切	2
楚树龙	2
语言	2
告知	2
重开	2
议员们	2
白南舜	2
王毅	2
流亡	2
私下	2
崩溃	2
干事长	2
就座	2
闹	2
还林	2
陆航	2
镜头	2
公示	2
巧妙	2
为首	2
维修	2
欧元	2
着眼	2
勤劳	2
千年	2
王玉顺	2
井	2
保守派	2
汤	2
传教士	2
增量	2
耐人寻味	2
丑恶	2
余额	2
淮河	2
亲属	2
敌意	2
毒贩	2
卫士	2
互补性	2
中间	2
故	2
自卫	2
隔	2
拥军	2
缔结	2
虚	2
工会	2
抹煞	2
纳税	2
纯洁性	2
台湾牌	2
金顶	2
扎扎实实	2
大幅度	2
热	2
吸取	2
少年	2
约束力	2
拉开	2
中纪委	2
唾弃	2
估量	2
越共	2
创造性	2
致命	2
扩展	2
启迪	2
蔬菜	2
肖扬	2
保险金	2
务必	2
野中广务	2
责	2
营销	2
河	2
三日	2
开启	2
本报讯	2
机动	2
无限	2
纸箱	2
库区	2
俄国	2
整	2
窗口	2
挪用	2
仪器	2
风度	2
棉花	2
分列式	2
肯	2
作价	2
海南岛	2
党章	2
拼命	2
实地	2
风格	2
披露	2
昭然若揭	2
为敌	2
汤普森	2
省区	2
讨价	2
不可或缺	2
参访团	2
大概	2
派遣	2
立陶宛	2
口	2
着名	2
傅全有	2
适合	2
普雷斯科特	2
等待	2
千载难逢	2
阿卡耶夫	2
任用	2
连锁	2
增速	2
雷达站	2
马首是瞻	2
韩方	2
随意	2
救捞局	2
缔造	2
隐藏	2
幻影式	2
东海	2
田凤山	2
成败	2
指挥所	2
乌干达	2
得天独厚	2
迈出	2
业	2
十三日	2
产权	2
舰	2
引用	2
欧亚	2
欲	2
装置	2
暂行	2
多亿	2
天天	2
落得	2
主政	2
格林斯潘	2
水域	2
研究员	2
牌	2
江河	2
名列	2
着力	2
获取	2
菜	2
耕地	2
以至	2
仔细	2
彩门	2
征求	2
过剩	2
亲近	2
珍惜	2
荒谬	2
处境	2
土耳其	2
并肩	2
集成	2
机组	2
加工	2
十几	2
科恩	2
摄影	2
企业界	2
重复	2
阿扁	2
天地	2
电讯	2
达瓦买提	2
取向	2
基里巴斯	2
块	2
演出	2
林晨柏	2
借	2
晚	2
警报	2
后院	2
沉	2
胡世祥	2
认可	2
正好	2
家园	2
亲戚	2
其害	2
偶然	2
盛大	2
扰乱	2
噶玛巴	2
百分之九	2
赫普图拉	2
款待	2
引诱	2
狠	2
水源	2
邦交	2
党风	2
副总参谋长	2
揭示	2
军转	2
十六日	2
亲手	2
城建	2
吴官正	2
原理	2
电路	2
海岸	2
苦难	2
名护市	2
释法	2
接着	2
过早	2
边缘	2
时有	2
统筹	2
突飞猛进	2
精度	2
内外	2
武	2
下列	2
刑罚	2
任期	2
自愿	2
精彩	2
宴请	2
顺应	2
兴旺	2
码头	2
饱受	2
丁	2
渐	2
二十四	2
低空	2
提名	2
新生	2
教会	2
顺便	2
某国	2
东风	2
生物	2
民主主义	2
全球祗	2
觉得	2
伤	2
泡沫	2
中毒	2
取信	2
特委会	2
壁垒	2
掩盖	2
天下	2
研究所	2
常识	2
使出	2
实绩	2
有期	2
祗要	2
怀有	2
奥运	2
何况	2
党务	2
展示	2
涉台	2
命中	2
信函	2
六日	2
海洋	2
失望	2
中东欧	2
曹庆泽	2
河北	2
目击者	2
盛会	2
均衡	2
盐	2
化工	2
坦诚	2
社论	2
贫富	2
使然	2
反射	2
自觉性	2
英方	2
苏丹	2
性地	2
搜救	2
连日来	2
倍于	2
生意	2
大法	2
钦佩	2
农业部	2
鸡肉	2
群众性	2
从政	2
推选	2
国投	2
防沙	2
心血	2
链条	2
逮捕	2
队员	2
邮报	2
合同	2
壮举	2
消费品	2
博尔基亚	2
火焰	2
似	2
配股	2
视听	2
五十	2
金门	2
匈牙利	2
党际	2
正面	2
投身	2
二八年	2
汲取	2
不正之风	2
无数	2
应急	2
争议	2
传输	2
规格	2
文革	2
勾当	2
先期	2
陆地	2
炸弹	2
稿件	2
制造商	2
罪犯	2
作假	2
从未	2
兴	2
互	2
杀伤	2
条文	2
深知	2
热切	2
鲍彻	2
以便	2
一律	2
十二日	2
西雅图	2
建党	2
悬而未决	2
物	2
空缺	2
载人	2
澄清	2
天皇	2
殖民	2
安装	2
要点	2
或者说	2
行列	2
伊斯兰	2
指挥部	2
李万燮	2
覆盖	2
志愿军	2
得出	2
会长	2
公园	2
王建	2
气概	2
乌	2
富人	2
智力	2
预示	2
书	2
地盘	2
前者	2
干脆	2
新增	2
夫妇	2
代表人	2
晚上	2
园区	2
惩处	2
热控	2
列入	2
清单	2
行事	2
十余	2
双向	2
无怪乎	2
风采	2
迷惑	2
老乡	2
保护费	2
防卫	2
青睐	2
横幅	2
原有	2
体会	2
爱好	2
实事	2
迎头	2
崭新	2
语文	2
无端	2
简单	2
笔者	2
滋生	2
何时	2
融入	2
评论员	2
美联储	2
备受	2
儿女	2
白色	2
肉类	2
锨开	2
杰福兹	2
抑或	2
不时	2
作过	2
约定	2
圆木	2
形式主义	2
记	2
跳伞	2
王后	2
出租	2
动	2
开采	2
嗣后	1
中医	1
古代史	1
得失	1
粮仓	1
马方	1
适度	1
盛岛	1
下面	1
菲中	1
宽宏	1
退还	1
双面	1
捎来	1
影响力	1
恢复性	1
纷乱	1
大专	1
中层	1
新疆杨	1
逐月	1
分得	1
组织者	1
茂名	1
辛旗	1
蒋介石	1
脱贫	1
乐东	1
国家化	1
氏	1
拉宾	1
飞往	1
南酞平洋	1
带回	1
婚后	1
王光亚	1
浦东	1
归于	1
纷至沓来	1
斯特凡诺普洛斯	1
裁判员	1
实实	1
塞族	1
蒸蒸日	1
严惩不贷	1
旅法	1
收割	1
隆隆	1
纵深	1
慈祥	1
心甘情愿	1
敬重	1
收益	1
衰减	1
外经贸	1
陈依文	1
防火墙	1
盛华仁	1
小浪底	1
数亿多	1
靳如超	1
深谋远虑	1
财政部	1
阿曼	1
非派	1
公诉	1
改组	1
一万零三百九十三	1
弗雷泽	1
厚	1
战友	1
休整	1
道义	1
帮	1
残暴	1
法西斯	1
语重心长	1
记忆	1
能动	1
矢志	1
忧虑	1
基督教会	1
抵日	1
一点儿	1
应答	1
浓烈	1
发射架	1
高瞻远瞩	1
急于	1
水果	1
康赛	1
大潮	1
作法	1
铋系	1
美苏	1
刀	1
九十七	1
杨进行	1
控制力	1
炸药包	1
折股	1
亲人	1
结尾	1
两万多	1
武器化	1
叶利钦	1
前移	1
王莽	1
搬	1
严要求	1
姚志胜	1
心事	1
本土	1
多星	1
还草	1
武器库	1
撕开	1
全长	1
搞成	1
拖下去	1
存放	1
新奇	1
纳税人	1
指挥长	1
规画	1
枝枝	1
陈如娇	1
驻俄	1
自拔	1
绝对值	1
读到	1
防御性	1
保养	1
保管员	1
航线	1
议联	1
草绳	1
脱愚	1
一九七年	1
往前	1
前任	1
减债	1
公安局	1
跳出	1
视角	1
勇气	1
蓄水池	1
任毓骏	1
抓起	1
壮丽	1
刺针	1
严谨	1
血案	1
蔑视	1
味道	1
邱晓华	1
安定门	1
美中	1
大叔	1
说起	1
文献	1
核准	1
胜任	1
铁道部	1
毒物	1
人群	1
对立	1
听听	1
范利平	1
木材	1
入膛	1
宣传网	1
败坏	1
所言所行	1
陈至立	1
自家	1
蔺草席	1
雨情	1
信任度	1
巴中	1
救捞	1
货物	1
造福于民	1
熊光楷	1
突显	1
章程	1
卢克	1
寄予	1
拙劣	1
斯大林	1
可靠	1
核导弹	1
迷信	1
移	1
罔顾	1
无辜	1
思维敏捷	1
风暴	1
国庆日	1
工地	1
终究	1
挡	1
赔偿	1
周恩来	1
伪造	1
带兵	1
瞎搞	1
大员	1
蒋氏	1
东线	1
战例	1
无线	1
创伤	1
消化	1
二十九日	1
紧随	1
单刀直入	1
情报界	1
潘文凯	1
月份	1
先驱	1
血统	1
反恐怖主义	1
体病	1
壮歌	1
服役期	1
唱起	1
相聚	1
中程	1
副市长	1
五四	1
山凹	1
正确性	1
化生	1
妄加	1
劲样	1
场面	1
标箱	1
萎靡不振	1
时效	1
冷却	1
拨开	1
振奋	1
龙酞郎	1
进取	1
办公桌	1
其一	1
吴云	1
非国有	1
高潮	1
谈吐	1
暴利	1
牟取	1
墨	1
扛运	1
租赁	1
政要	1
演技	1
音乐	1
小布希	1
文方	1
椭圆形	1
沸沸扬扬	1
包庇	1
派购	1
恼火	1
东渡	1
心理学	1
赠送	1
全程	1
白菜	1
报上	1
转到	1
乞丐	1
一百七十二	1
张而平	1
膜	1
伍尔泽	1
尺度	1
地点	1
朱穆	1
目光	1
浪漫主义	1
政治部	1
任意性	1
礼品	1
长江	1
救助站	1
杀伤性	1
称谓	1
挤垮	1
健儿	1
皮鞋	1
手腕	1
扑面	1
猪	1
再生	1
嘉手纳町	1
其间	1
第四十八	1
沙林	1
闹事者	1
防犯	1
商机	1
击毙	1
轻工	1
八百万	1
分为	1
壳	1
身边人	1
深奥	1
简易	1
延伸	1
实话	1
绿化	1
指称	1
众议员	1
薄	1
自由刑	1
做祟	1
隐真	1
稳定性	1
经历者	1
宁静	1
历历在目	1
婉拒	1
王光英	1
产	1
冒天下之大不韪	1
李骥	1
天空	1
第十二	1
柔性	1
可贵	1
输家	1
无情	1
谢尔顿	1
混业	1
即席	1
莫忘	1
运输	1
刘佩琼	1
山姆	1
认清	1
屋脊	1
空战	1
使领馆	1
廉价	1
总理率	1
赫塞尔廷	1
庭	1
雾	1
张麟征	1
地域性	1
执罚	1
预先	1
拯救	1
大校	1
实效性	1
云南省	1
迷蒙	1
第四十一	1
雄心勃勃	1
台安法	1
口气	1
面包	1
舒兰	1
增值	1
大亏	1
切割	1
入股	1
东半	1
早晨	1
体育界	1
答案	1
通路	1
暂予	1
固执	1
扎农	1
自始至终	1
五十四	1
胜于	1
酿成	1
祗能	1
防洪	1
马尔	1
湖南省	1
下级	1
七十六	1
白天	1
纠集	1
摆事实	1
国务	1
参观团	1
亏损面	1
废约	1
组合	1
供应商	1
登岛	1
训练法	1
旗号	1
幕后戏	1
养肥	1
火枪	1
闵道长	1
离子	1
王乐泉	1
规范性	1
遥遥无期	1
信息权	1
思日病	1
大同	1
哈尔滨市	1
州	1
回头	1
不可测	1
二百七十二亿	1
看车	1
战斗群	1
锻炼	1
火药	1
安曼	1
创富	1
分辨率	1
问及	1
闽南	1
反侦察	1
孙松璞掌	1
输掉	1
编委会	1
一同	1
捧	1
比索	1
巷议	1
闲	1
寄望	1
糊弄	1
取胜	1
金淑英	1
外衣	1
英烈	1
方瑾黄庭满余瑛瑞	1
蔡亲耀	1
获胜	1
二十余	1
小费	1
普选	1
军报	1
缠结	1
不甘寂寞	1
醴陵	1
夏丽玛	1
十足	1
形单	1
地表	1
四十五分	1
遇难者	1
拟定	1
海拔	1
死者	1
古今	1
霸权国	1
北面	1
断	1
塞拉利昂	1
含	1
阿马托	1
讨还	1
沉重	1
翻印	1
整整	1
王陇德	1
投票率	1
群群	1
页	1
养出	1
书页	1
半山腰	1
实业	1
常德市	1
百分之二十九	1
输水	1
支配	1
筹建	1
冬柴铁	1
唱	1
楷模	1
柬埔寨人	1
百分之十	1
自取其辱	1
男	1
证件	1
生	1
报复性	1
得意洋洋	1
连环	1
先驱们	1
百分比	1
埋下	1
中芬	1
劳模	1
内幕	1
手背	1
陆	1
身败	1
涵盖	1
搬迁	1
叫嚷	1
吊唁	1
石兆彬	1
大学生	1
五千万	1
英特尔	1
减免	1
三十多	1
斗勇	1
黎明	1
中情局	1
排行	1
特级	1
驻港	1
车程	1
凌志	1
董辅礽	1
北南方	1
墓	1
重量级	1
归宿	1
请愿	1
国家队	1
结成	1
置之不理	1
罗斯	1
总的来看	1
索取	1
安金龙	1
天眼	1
合影	1
鉴别力	1
变节	1
亿多	1
离任	1
大无畏	1
火	1
布什主义	1
检讨	1
五百多	1
毋庸置疑	1
探望	1
大臣	1
之战	1
中上层	1
泼皮	1
勒令	1
事例	1
课题组	1
言外之意	1
外访	1
落实江	1
江苏	1
大为	1
古老	1
彩图	1
水合物	1
吴建民	1
迫在眉睫	1
稀有	1
左转	1
曝从	1
来犯	1
赵登举	1
厦门市	1
调查组	1
施政者	1
垄断性	1
劣汰	1
询问	1
享	1
重然诺	1
哥	1
成才	1
约翰内斯堡市	1
地步	1
侦破	1
四人帮	1
净	1
很少	1
宣讲	1
东城区	1
订货	1
国家局	1
博取	1
信誉	1
缴获	1
后脚	1
刘知炳	1
潜逃	1
防化学	1
好客	1
经由	1
甚笃	1
反思	1
晶莹	1
违章	1
立法会	1
意料	1
三百零九	1
安然无恙	1
经营者	1
制胜	1
后悔	1
上网	1
王爱文	1
相抵	1
远距	1
搏	1
开普敦	1
洪水	1
进攻	1
战神	1
安静	1
弹种	1
乐队	1
阿塔拉什	1
后代	1
工作酞	1
编写	1
通信站	1
陈静	1
诬蔑	1
归入	1
凛然	1
拘捕	1
北空	1
道德观	1
冲天	1
神盾舰	1
着眼于	1
老老	1
小视	1
净利润	1
接连	1
中古	1
三八	1
问道	1
据知	1
彝	1
吴云瑞	1
阔步	1
布衣	1
英语	1
蓝军	1
潮水	1
工作会	1
方洁	1
倒行逆施	1
难产	1
台长	1
关	1
向巴平措	1
加薪	1
不安定	1
苏州	1
医学院	1
分级	1
香客们	1
纲领性	1
理顺	1
二月份	1
伪劣	1
更高	1
气	1
驾驶员	1
祸	1
研讨班	1
发言权	1
温安洛	1
稿	1
口才	1
尹鸿祝	1
动武	1
八十万	1
风门	1
教导	1
十八万	1
法轮	1
宣扬	1
内在	1
年华	1
世行	1
李克强	1
失为	1
帷幕	1
自立于	1
容量	1
小雪	1
昆山	1
李宪章	1
制空权	1
一百四十多	1
抚今	1
排斥	1
贪污	1
调入	1
第二十五	1
公墓	1
台州市	1
战员	1
歌仔戏	1
挫伤	1
多半	1
炮长	1
周岁	1
艾奥瓦州	1
航船	1
法德	1
骄傲	1
哭	1
曹伯纯	1
不安全	1
厂商	1
信徒	1
斯	1
掉以轻心	1
雾色	1
南召县城	1
教堂	1
李剑阁	1
绩效	1
大会堂	1
类似于	1
殷实	1
祸藏	1
军分区	1
迷雾	1
民族团	1
板条	1
一体	1
催生	1
违宪	1
青鸟	1
回良玉	1
经济界	1
信教	1
闽西	1
布	1
之士	1
服务生	1
明文	1
押注	1
菲	1
卡布里萨斯	1
辽阔	1
琉璃寺	1
巴拉圭	1
进出口	1
矿务局	1
有生	1
高足	1
若然	1
做骚	1
春风	1
起立	1
戚火	1
民乐	1
堕落	1
领略	1
徐振湖	1
陈政高	1
大棚	1
辩证法	1
五角	1
反潜机	1
东北部	1
给付	1
动荡	1
着急	1
两栖	1
切身	1
以致	1
青海省	1
空间战	1
新近	1
赔款	1
正规	1
己方	1
奥德松	1
一千七百九十七亿	1
质优价廉	1
办成	1
夏威夷	1
相异	1
信阳市	1
呼喊	1
丹戎	1
取其	1
修行	1
加勒比海	1
复旦	1
坛南端	1
病人	1
诱发	1
海尔	1
恰好	1
伤透脑筋	1
十一日	1
托词	1
长带	1
争鸣	1
视	1
伽马射线	1
深加工	1
集团化	1
唏嘘	1
完	1
就业司	1
大派	1
宣传者	1
工委	1
副检察长	1
美丽	1
种族	1
规限	1
要员	1
襄助	1
一一七二	1
算数	1
海天	1
为时	1
法学	1
升起	1
适用性	1
转	1
问问	1
虚妄	1
追寻	1
奔赴	1
生机	1
随阿沛	1
边防线	1
株连	1
第四十	1
环顾	1
台大	1
尸体	1
面远	1
饮水	1
何在	1
不当	1
徐家	1
手心	1
取暖	1
参议员们	1
藏匿	1
心心相印	1
反弹	1
红心	1
蓬头垢面	1
高赫	1
记名制	1
咀嚼	1
警力	1
缘	1
答覆	1
烧	1
登上	1
人质	1
并称	1
武官	1
感慨	1
祸国	1
屈尊纡贵	1
西	1
反扑	1
永驻	1
船舶	1
各负其责	1
外机	1
国税	1
丢到	1
李文明	1
摒弃	1
邰爱国	1
严安林	1
制服	1
踏实	1
沉醉于	1
客运站	1
反共	1
副秘书长	1
团党委	1
惟茂	1
强奸	1
名校	1
场区	1
恶性	1
零	1
党政军	1
恪尽职守	1
岛屿	1
破除	1
扎什伦布寺	1
是役	1
朦胧	1
排队	1
热那亚	1
映入	1
人和	1
威尔逊	1
舰长	1
居留权	1
片面性	1
满足感	1
三位一体	1
抵制	1
保密	1
二百一十	1
喊声	1
停顿	1
电阻	1
葬身	1
推动摩	1
攀升	1
审计署	1
烟草商	1
商量	1
没收	1
意向书	1
神国	1
难以想象	1
花生豆	1
研究生	1
大放厥词	1
为重	1
身影	1
四处	1
七三一	1
戒急用忍	1
九十五	1
词典	1
六十	1
通信权	1
嘴脸	1
喷出	1
而已	1
危陋	1
响应	1
渲染	1
澳门厅	1
传出长	1
黄菊	1
自然人	1
进修	1
演讲酞	1
飞奔	1
排放	1
本期	1
不足为奇	1
市民们	1
束	1
陜西省	1
济南	1
从属	1
监事	1
社保	1
建	1
印度人	1
至此	1
接见室	1
票据	1
重用	1
明治	1
水情	1
胁迫	1
虞	1
生产率	1
去职	1
自主权	1
丢人	1
完美	1
齐怀远	1
常理	1
竣工	1
权威主义	1
小鹰	1
硬性	1
三十分	1
陈耀邦	1
开入	1
高枕无忧	1
江门	1
大致	1
冰岛	1
湖州	1
联结	1
挚爱	1
培训班	1
宣誓	1
捐款	1
孙亚夫	1
做人	1
垮	1
名牌	1
伤痕	1
安家	1
位居	1
帐簿	1
保重	1
未知	1
错失良机	1
地带	1
时效性	1
四川省	1
一贯方针	1
挂	1
菱角	1
无往	1
搜集	1
布殊	1
归咎于	1
失灵	1
占据	1
华尔道夫	1
驻军	1
赵南起	1
好上加好	1
邦联制	1
接下来	1
有志	1
谬说	1
锐利	1
狂热	1
报刊	1
高质量	1
六四	1
挥舞	1
地区性	1
野林深处	1
采访团	1
资源部	1
猜测	1
想起	1
二十五日	1
出自	1
杨应琳	1
数据库	1
专员	1
收缴	1
大锅饭	1
水质	1
多维化	1
亿万	1
蛛丝	1
无记名	1
轻易	1
治病	1
盐田港	1
输于	1
陆军省	1
塔吉克斯坦	1
一女	1
延长	1
折	1
逾期	1
吏治	1
写信	1
救治	1
扩张性	1
唯它	1
订单	1
反腐倡廉	1
延安	1
社长	1
封函	1
历经	1
五角大楼	1
照顾	1
炎黄	1
工业用	1
共管	1
运载	1
换装	1
服饰	1
百分之二十三点一	1
米特雷娃	1
连带	1
巧合	1
身手	1
落脚点	1
出境	1
二零零八年	1
弟子	1
特意	1
营垒	1
假设	1
披上	1
捷报	1
动机	1
戏弄	1
强加	1
例行	1
散离	1
不对称	1
希拉里	1
降至	1
潘演	1
办学	1
粉碎	1
暂	1
背道而驰	1
价升量	1
白令	1
明智	1
查问	1
稍	1
证交所	1
水价	1
俱全	1
台军	1
稍后	1
协作性	1
全委	1
始自	1
查果拉	1
农庄	1
引资	1
多于	1
自嘲	1
撕毁	1
你家	1
蒙蔽	1
一千一百	1
库赖	1
积力	1
随军	1
得利	1
阻隔	1
架构	1
移师	1
历史主义	1
数字化	1
升格	1
保护伞	1
董石麟	1
酞可惜	1
张天保	1
入盟	1
低潮	1
枪击案	1
服从于	1
老区	1
六千五百万	1
绝大部分	1
快刀斩乱麻	1
福州市	1
雄	1
促进权	1
半信半疑	1
抗虫棉	1
进攻性	1
拟于	1
补上	1
石原	1
扩军	1
抗议书	1
十二亿多	1
隐性	1
永	1
叶茂	1
尽力	1
低价	1
护士	1
三十八	1
敌	1
卖方	1
犯	1
自卫队	1
不足之处	1
信守	1
戈壁滩	1
地毯	1
颁发	1
百分之三十六点三	1
善自处	1
营地	1
阻滞	1
作保	1
马文瑞	1
荒无人烟	1
乌兹别克	1
组织团	1
阿布杜勒	1
烟台	1
援朝	1
养老金	1
朝野	1
细则	1
备战	1
霸占	1
当事者迷	1
高明	1
张劲夫	1
时延春	1
升	1
挟洋自重	1
狂	1
有条不紊	1
叮嘱	1
异端邪说	1
病倒	1
激光	1
加权	1
人祗	1
科林鲍威尔	1
船载	1
数千	1
田中真纪子	1
驶入	1
创举	1
捕	1
照样	1
心生惶恐	1
施罗德	1
遗产	1
暑期	1
徐立苹	1
赵朴	1
实时性	1
失言	1
刻	1
休息	1
挂钩	1
王志新	1
大一点	1
花园	1
口口声声	1
生动	1
协调员	1
廖	1
朝日	1
讼诉	1
静安	1
罗宾逊	1
麦氏	1
贵德	1
新鲜	1
降	1
饱含	1
赵春兰	1
拥李	1
亚利桑那州	1
调查局	1
党部	1
糟粕	1
催人	1
主产区	1
递增	1
借重	1
哈萨克斯坦	1
外委会	1
操纵	1
紧跟党	1
残忍	1
闪光	1
运回	1
异端	1
公章	1
历次	1
恐慌	1
排头兵	1
欧洲裔	1
数	1
立功	1
跳跃	1
配额	1
明星	1
时间早晚	1
杂交	1
伟业	1
阅兵式	1
惊弓之鸟	1
财赤	1
继承者	1
赶上	1
早报	1
听后	1
冠冕堂皇	1
卖国	1
秘书长	1
汉文	1
伤者	1
推弹	1
压住	1
高新区	1
约旦	1
军团	1
正常值	1
水土	1
战云密布	1
追查	1
田纪云	1
失踪	1
忍无可忍	1
楚雄风	1
库珀	1
地盖	1
再就业	1
黑箱	1
打住	1
开会	1
参谋总长	1
李显龙	1
谭一辉	1
约翰松	1
浓	1
水性	1
比利时	1
杜青林	1
拘泥于	1
呼兰	1
环	1
东城	1
许嘉璐	1
参	1
马列主义	1
革命性	1
个个	1
领海	1
无理	1
经不起	1
版	1
选出	1
谈话会	1
事实上	1
侦察兵	1
叶巨	1
空气	1
筹备	1
值班	1
国计	1
前沿	1
想像	1
僵化	1
请来	1
招商月	1
上游	1
砒霜	1
马英九	1
塞浦路斯	1
宿命	1
高峰会	1
恩格尔	1
中枢	1
余克礼	1
实时	1
境界	1
复关	1
赵实	1
亟待	1
选举人票	1
受贿	1
夏衍	1
华诞	1
起自	1
鲁滨逊	1
博鲁巴耶夫	1
校区	1
畅	1
反动	1
失衡	1
灭亡	1
欧方	1
裕民	1
郭永怀	1
比兰德拉	1
局限于	1
人选	1
核战略	1
有识	1
集结	1
名裂	1
恰恰	1
一千三百亿	1
神舟	1
可乘之机	1
摆到	1
青稞	1
没事儿	1
房子	1
低级	1
跳槽	1
三分之一	1
年增长率	1
人机	1
露	1
度过	1
骇客	1
二十二	1
水文	1
首倡者	1
一揽子	1
市容	1
商讨	1
市政	1
莱克	1
妨碍	1
驻防	1
打倒	1
依赖	1
洛阳	1
一九八一年	1
小撮	1
启蒙	1
结婚	1
秘	1
外逃	1
自检	1
比如	1
穆斯塔法萨法日尼	1
不少于	1
晚年	1
促进会	1
布雷	1
华商	1
同于	1
情	1
偶蹄	1
手铐	1
河水	1
红	1
事前	1
存有	1
盾牌	1
林桂和	1
风灾	1
日韩	1
独立自主	1
联合报	1
科威特	1
寄递	1
手工	1
非正规	1
望尘莫及	1
拦阻	1
妨害	1
陶文钊	1
岳耀勇	1
追随	1
网络化	1
序曲	1
室	1
花冈	1
亲身	1
朴在圭	1
汉堡	1
在乎	1
痴心妄想	1
奋发	1
戴利	1
瞬间	1
碰上	1
失事	1
跨海	1
自诩	1
案例	1
王永庆	1
二日	1
街道	1
暨京台	1
底气	1
倒董	1
不平等	1
北疆	1
范登堡	1
拾阶	1
顺理成章	1
辟为	1
高级别	1
王兆国	1
利国	1
四百亿	1
激动	1
说情	1
收容	1
份量	1
浪费	1
垂直	1
罗	1
窃听	1
四千	1
黎巴嫩	1
极致	1
聚会	1
到头	1
火拼	1
六百三十一	1
划入	1
青藏	1
沉船	1
形而	1
侦听	1
公害	1
斡旋	1
砍杀	1
分界线	1
形式多样	1
传奇	1
犹酞	1
杨帆	1
逐件	1
萝卜	1
贷款率	1
辜负	1
情节	1
哀鸣	1
订下	1
故我	1
涉华	1
尽情	1
分阶段	1
合作面	1
传来	1
非西方	1
姜国	1
早餐回	1
沉痛	1
耀眼	1
标明	1
贸易部	1
好头	1
吴伯雄	1
出国	1
蒙骗人	1
副首相	1
跟上	1
前线	1
深股市	1
反之	1
来讲	1
搁浅	1
财税	1
国事	1
痛骂	1
事宜	1
实验区	1
失业者	1
银广夏	1
无锡	1
机内	1
匈业	1
怎	1
造	1
阿巴斯港	1
战轰机	1
胡乔木	1
王礼恒	1
侵入	1
甩	1
久闻大名	1
主导权	1
挤占	1
舰上	1
爱立信	1
魔鬼	1
铺垫	1
本土化	1
国际化	1
雇用	1
主	1
独裁	1
照片	1
基本功	1
道琼斯	1
快助反	1
详尽	1
举棋不定	1
吴基传	1
神	1
入境	1
铁幕	1
投资类	1
表	1
割断	1
安全性	1
配系	1
低廉	1
动靶	1
即合	1
结余	1
顶端	1
一边	1
大气	1
单纯	1
购汇	1
卜睿哲	1
洗礼	1
外向型	1
昂贵	1
乘机	1
罗马尼亚	1
六百二十多亿	1
沿	1
钟坚	1
高昂	1
物质性	1
突击	1
密特朗	1
克敌	1
融为	1
牢固	1
趟	1
堪称	1
绕	1
无稽之谈	1
价值论	1
会计师	1
运转	1
表彰会	1
落败	1
涌现	1
民心	1
笑	1
布袋港	1
烫手	1
陈李	1
通信网	1
辛劳	1
观光部	1
死硬	1
外宾	1
地委	1
立院	1
无所不在	1
拉合尔	1
举国	1
经社会	1
关照	1
卡多佐	1
刻骨	1
试想	1
高堂区	1
劣质	1
稳住阵脚	1
华文报	1
重担	1
目击	1
风能	1
酝酿	1
审限	1
青年团	1
丛生	1
闭幕	1
井下	1
跟随	1
十字路口	1
无偿	1
摘	1
哗众取宠	1
举办权	1
莫及	1
徒然	1
人民军	1
战舰	1
谢列兹尼奥夫	1
萧条	1
大雁	1
急需	1
腾飞	1
绳之以法	1
兼有	1
重于	1
不大	1
末日	1
斯特罗耶夫	1
曼谷	1
便衣	1
甚寡	1
趋同	1
投票者	1
另择	1
联通	1
三中	1
酞空战	1
提取	1
强制性	1
懊悔	1
飞来飞去	1
软化	1
打好	1
科学家们	1
凤生	1
适宜	1
审定	1
隶属	1
葡萄牙	1
八一	1
离得	1
翻转	1
周到	1
工程院	1
同伙	1
裁减	1
废水	1
稻谷	1
轮南	1
获益	1
年均	1
中视	1
早餐	1
时时处处	1
周安	1
呼吸机	1
议事	1
贺龙	1
读读	1
星罗棋布	1
和尚	1
领袖们	1
会费	1
以史为鉴	1
差别	1
克拉克	1
无所不能	1
铺上	1
从严	1
无理取闹	1
天文	1
强硬派	1
勇于	1
奴役	1
势必	1
见识	1
当政者	1
缘故	1
相得益彰	1
预习	1
陈锦彪	1
啊	1
法律案	1
棋盘	1
惊惶	1
平稳地	1
日夜	1
敬献	1
专机	1
沿袭	1
受害者们	1
气功	1
切	1
观乎	1
大选日	1
度假	1
统帅	1
人命价	1
午餐会	1
祸根	1
藤森	1
各种各样	1
疲惫	1
追思	1
言而无信	1
严守	1
普查	1
防化	1
微重力	1
妇联	1
打伞	1
杨彪	1
露面	1
波及	1
隐蔽性	1
发难	1
纪念地	1
无意	1
欢呼	1
洛佩斯	1
途经	1
全局性	1
首饰	1
母女	1
干戈	1
六亿	1
外来者	1
市区	1
无孔不入	1
共议国	1
缅甸	1
商界	1
广州市	1
神话	1
众多	1
安然无事	1
里手	1
排行榜	1
致志	1
幅度	1
追击	1
安保法	1
清晨	1
屡	1
功不可没	1
干线	1
张建萍	1
庆阳	1
海协会	1
特地	1
测算	1
高专	1
经典	1
彭	1
可见	1
金立群	1
摆出	1
执法不严	1
执行官	1
厚爱	1
门外	1
凶器	1
毕业于	1
神社	1
消费类	1
谅解	1
阎村镇	1
攻	1
病夫	1
唯物	1
忘怀	1
日圆	1
改称	1
戈壁	1
基督	1
候补	1
团组	1
危急	1
作恶多端	1
压倒性	1
阿卜杜拉	1
全权	1
野果	1
流行	1
重振	1
取之不竭	1
早到晚	1
应于	1
得知	1
等级制	1
副总裁	1
好不容易	1
示范县	1
新修	1
台当局	1
恍惚	1
藏族	1
石永红	1
摆上	1
征服	1
清洁	1
备忘录	1
安利	1
送交	1
天国	1
奥卡沙	1
任职	1
为时过早	1
杀人	1
公益性	1
法官	1
大体	1
机遇观	1
页数	1
安慰	1
制衡	1
以外	1
达福	1
记者们	1
打通	1
带去	1
郊区	1
顾大局	1
开局	1
逊于	1
展出	1
一百一十四万五千	1
丛书	1
杨文昌	1
商务法	1
足额	1
调	1
辟	1
鄂州	1
锨起	1
走私罪	1
隔离	1
深圳市	1
闻名于世	1
贝格	1
不大可能	1
参与权	1
清一色	1
敦促	1
洲	1
火车	1
徐升入	1
政治家们	1
媒本	1
即时	1
如下	1
抱有	1
旷日持久	1
选菜	1
汇	1
登机	1
起诉	1
自制	1
侮辱	1
暴动	1
乌鲁木齐	1
响起	1
造大	1
晴雨表	1
势在必行	1
墙子河	1
恶潮	1
自荐	1
电讯报	1
始	1
辽宁	1
爬升	1
题词	1
分离	1
废除	1
渗灌	1
过江之鲫	1
居然	1
六七十	1
港方	1
坚贞不屈	1
避重就轻	1
三千	1
洽购	1
恩格斯语	1
技改	1
凭借	1
边防连	1
喊冤	1
利川市	1
晚餐	1
摩中	1
利润	1
折扣	1
志愿兵	1
加空	1
长存	1
变相	1
大骂	1
乃	1
农入市	1
平	1
稻草	1
除非	1
驾机	1
陈锦华	1
卷入	1
先声	1
有用	1
非对抗	1
流派	1
受训	1
副局级	1
大海	1
底线	1
锅	1
弥足	1
卡塔尔国	1
赵毅敏	1
精确	1
廿四日	1
盈动	1
歼敌	1
归	1
沈伟光	1
训练场	1
教义派	1
毒瘤	1
经济学界	1
肇源县	1
企业法	1
危险性	1
浙江省	1
垃圾	1
煤质	1
放矢	1
联训	1
钱袋	1
惊呼	1
海岛	1
加总	1
偶发	1
回过头来	1
撇下	1
老工人	1
跌	1
中非	1
迟迟	1
落	1
居于	1
沉浸	1
中选	1
景象	1
得力	1
尼亚佐夫	1
演讲会	1
跻身	1
增信	1
华为	1
井冈山	1
孝顺	1
风	1
一把	1
抽	1
误判	1
安多	1
而今	1
海口	1
多少力	1
吕丕森	1
阐发	1
连同	1
出口量	1
第十八	1
场景	1
脑体	1
俄式	1
微妙	1
棵	1
密谋	1
现年	1
刘思影	1
逝	1
缎带	1
机毁	1
吴鹏	1
路远	1
带给	1
外务省	1
山西	1
在此之前	1
举世	1
彰显	1
李南淳	1
假释	1
明定	1
十万	1
疾病	1
驻南	1
增产	1
玉米	1
回忆	1
村山富市	1
洛斯阿拉莫斯	1
孙儿	1
库尔斯克	1
携带	1
睁着	1
卡拉巴赫	1
普理赫	1
邓力群	1
鲜血	1
第三十一	1
百科全书	1
司训	1
兵种	1
犯下	1
纷争	1
油品	1
挂图	1
塔里木河	1
王忠禹	1
二十六日	1
捕获	1
稍加	1
鼓劲	1
以及摩	1
大义	1
中智	1
浩大	1
派兵	1
跨世纪	1
躲	1
婚	1
对江	1
罪人	1
抚州	1
进口国	1
主犯	1
吃吃喝喝	1
萨尔迪瓦	1
五十余	1
不够	1
打完	1
含量	1
掩饰	1
郭品	1
灰	1
宇宙	1
弯腰	1
总装备部	1
国峰	1
惠国牌	1
堵住	1
黄河清	1
中立	1
表面	1
姚仁安	1
机	1
不论是	1
累累	1
中小学生	1
一千一百九十七	1
便于	1
相联	1
向日	1
预实践	1
情感	1
如众	1
不到	1
跺脚	1
人命	1
多元化	1
约翰霍普金斯	1
闯入	1
拼凑	1
户籍	1
责权	1
突中	1
石岗墩	1
工伤	1
浇地	1
决算	1
浓厚	1
后续	1
对口	1
开工	1
景	1
党政群	1
查考	1
排	1
生命权	1
书写	1
预案	1
函授	1
派团	1
博	1
张效珍	1
北上	1
盲目乐观	1
联成一片	1
沈阳	1
旧日	1
精品	1
五三年	1
萨苏	1
同台	1
尚慕杰	1
手脚	1
见解	1
用电	1
湖北省	1
阴云	1
秒	1
回函	1
六分之一	1
逼真	1
大连市	1
当日	1
举债	1
水稻	1
放射性	1
主教	1
静观	1
问鼎	1
只字未提	1
受灾	1
演示	1
长久	1
罗豪才	1
军身分	1
镇定	1
李佳路	1
刑诉法	1
徐文贤	1
炮舰	1
封住	1
留学生	1
桃子	1
屋内	1
六十五亿六千多万	1
行吗	1
高低	1
运动史	1
命	1
盛典	1
撞毁	1
巴伐洛堤	1
无知	1
驻足	1
捏造	1
迂回	1
阻力	1
悠然	1
痛心	1
进贡	1
险	1
保存	1
真心诚意	1
人团	1
镇江市	1
夏粮	1
瑞典	1
美国化	1
针锋相对	1
以方	1
税改	1
中南	1
企业化	1
环酞平洋	1
重任	1
七四七	1
样样	1
保守	1
请教	1
申明	1
贯穿	1
百分之九十	1
强加于	1
双休日	1
春小麦	1
艰苦卓绝	1
成性	1
轻轻	1
土崩瓦解	1
举证	1
称做	1
十六点五亿	1
醒来	1
八一七	1
警务	1
社情	1
对此	1
老教师	1
欠	1
韩文藻	1
地貌	1
波黑	1
男女	1
大饼	1
学会	1
俄制	1
特多	1
参照	1
祝酒词	1
研究者	1
平台	1
学历	1
军民	1
相称	1
农牧区	1
设身处	1
游刃有余	1
星座号	1
渔业	1
加税	1
桥本	1
被告席	1
李来柱	1
复建	1
日军	1
叫屈	1
运送	1
论文	1
卡扎菲	1
霍尔克里	1
粉笔	1
渥酞华	1
邪教徒	1
矿石	1
徽牌	1
来袭	1
终身	1
订制	1
妈	1
电子战	1
军火商	1
潜移默化	1
披挂	1
杂税	1
宋庆龄	1
防线	1
中来	1
美商	1
甘南	1
打湿	1
启程	1
山高	1
海南省	1
社保局	1
转口	1
反目	1
联军	1
丰收	1
落伍	1
奔向	1
管好	1
科目	1
冷水	1
干旱	1
油气	1
廿三	1
划定	1
奔流	1
井水不犯河水	1
否掉	1
绝路	1
交叉	1
机时	1
先贤	1
任劳任怨	1
威慑	1
制天权	1
旱作	1
密布	1
阿鲁菲	1
渡	1
严竣	1
爱国心	1
齐备	1
演唱	1
降税	1
仇佩芬	1
权衡	1
因特网	1
戴	1
仪式性	1
东西酞	1
维吾尔	1
阵前	1
评核	1
动脑筋	1
商标	1
空文	1
网民	1
发明者	1
扮演曝	1
王京	1
答道	1
悲痛	1
贼	1
装潢	1
承载	1
总产	1
致胜	1
相机而动	1
金融业	1
一九五一年	1
到位	1
中后期	1
四十多	1
主流派	1
怒吼	1
惊心动魄	1
骂	1
汤曜明	1
肉	1
封信	1
游说团	1
光芒	1
关爱	1
本身	1
吴志攀	1
官僚主义	1
倒挂	1
再造	1
火舌	1
孙快	1
老旧	1
血债	1
里程	1
率团	1
文告	1
需求量	1
梳理	1
七十	1
烟花	1
编列	1
圣彼得堡	1
美妙	1
行程	1
矿灾	1
缺位	1
单独	1
归类	1
置地	1
其三	1
峰	1
执政党	1
骆驼	1
返还	1
包围圈	1
挥手	1
限量	1
好多	1
社会党	1
迎	1
管治	1
自尊	1
迈步	1
加诸	1
等候	1
卲灵	1
可选择性	1
砫陆	1
贵州	1
乡北	1
稳妥	1
阿南	1
隔阂	1
鬼子	1
戴维营	1
边检	1
一维性	1
旅美	1
宣读	1
靳如	1
纷赴	1
过细	1
宴会	1
联络处	1
新建	1
说一不二	1
储蓄者	1
禁	1
盾	1
俊杰	1
推力	1
严惩	1
想象力	1
接到	1
原判	1
仿真	1
旺盛	1
群岛	1
赫尔姆斯伯顿	1
塔吉克	1
理直气壮	1
错综复杂	1
综合性	1
败北	1
牵	1
飞过	1
序言	1
钻研	1
山上	1
实践者	1
暧昧	1
磨擦	1
酋长国	1
差不多	1
药品	1
阿尼哥	1
不相上下	1
含税	1
骄子们	1
膨胀	1
拉迪	1
课目	1
宣讲团	1
欠款	1
蹂躏	1
找出	1
自豪	1
立法院	1
研究会	1
死难者	1
单薄	1
堂皇	1
会面	1
中西合璧	1
形形色色	1
的确	1
形神	1
充足	1
献	1
长老	1
向下	1
试用期	1
拉昌	1
软着陆	1
清查	1
顽抗	1
之门	1
宝钢	1
全身心	1
七百余	1
反倾销	1
破坏性	1
五百七十多	1
矿带	1
滩	1
川藏线	1
包	1
分署	1
行政院	1
一厢情愿	1
校	1
安永基	1
解释权	1
硕士	1
外埠	1
投靠	1
易发	1
人脉	1
除恶务尽	1
停留	1
幼	1
莫非	1
设想	1
毕业	1
灭火器	1
版权司	1
徐文良	1
北海	1
安全法	1
火灾	1
驻守	1
通货	1
其言	1
营院	1
酒店	1
记录	1
挫败	1
车辆	1
某师	1
力荐	1
量	1
祝福	1
九一年	1
治权	1
卡	1
孙炎彪	1
辛辛苦苦	1
录音机	1
宝	1
军事家	1
怀	1
前期	1
西安	1
宽容	1
莫尔加特	1
更趋	1
露骨地	1
罗马	1
洗牌	1
农工	1
果然	1
尹乃菁	1
保护性	1
三栖	1
整理	1
站稳	1
使节	1
洛阳市	1
粗放型	1
粮棉油	1
二百多	1
苏志荣	1
歉意	1
水利局	1
说者	1
飞至亚酞	1
权谋	1
绯闻案	1
抗御	1
沙特	1
转述	1
魏	1
系列多	1
杀机	1
殴打	1
建筑	1
无线电	1
增势	1
运动员	1
中小	1
刚才	1
经济部	1
巴斯夫	1
走出	1
参议长	1
机械化	1
资料馆	1
所思	1
叶大年	1
搞不清	1
陈雅妮	1
主管们	1
明知	1
攻占	1
赞颂	1
她们	1
不同寻常	1
美洲	1
凯旋	1
旋律	1
陆宗霖	1
白白	1
蓄意	1
哥伦比亚	1
风貌	1
回复	1
施琅	1
无可辩驳	1
国军	1
打死	1
越战	1
清政府	1
民防局	1
李保东	1
服务社	1
这时候	1
勤政	1
佐证	1
中队长	1
圣经	1
殷切	1
整天	1
滕春燕	1
经济体	1
宴会厅	1
加工点	1
雄风	1
吃透	1
奥尔特温	1
阵痛	1
中级	1
手法	1
盛气凌人	1
解释案	1
涌水	1
刺探	1
官兵们	1
谷底	1
周明伟	1
打胜	1
急欲	1
赋税	1
含毒	1
驻智	1
安保	1
吕	1
政府性	1
同行	1
陈联志	1
自民党	1
公敌	1
历年	1
情结	1
敬奉	1
钟敏	1
远华案	1
切入点	1
摇头丸	1
早籼稻	1
马塞奥	1
乱纪	1
装入	1
玛丽	1
转弯	1
苦干	1
虐待	1
及其	1
登高望远	1
距离感	1
烈士	1
从旁	1
托里切	1
榜样	1
一无所知	1
正义之举	1
鞋子	1
行必果	1
核武器库	1
外岛	1
优异	1
罢手	1
潜艇派	1
逐条	1
战伐	1
外高加索	1
安全观	1
斗志	1
午餐	1
乐器	1
贝尔	1
台中港	1
音像	1
张宏喜	1
领取	1
稽察	1
中国通	1
排排	1
人心所向	1
第四十七	1
高涨	1
农副产品	1
清正廉洁	1
联网	1
克瓦希涅夫斯基	1
机动车	1
指派	1
自称	1
开办	1
继阿利耶夫	1
担任省	1
亲眼	1
斯里兰卡	1
尖	1
吹鼓手	1
哀求	1
奇怪	1
彭山县	1
考察船	1
援外	1
巡逻车	1
伊泽特贝戈维奇	1
有幸	1
人亡	1
主人	1
被惩	1
二零零五年	1
回想	1
出版署	1
银行业	1
定名	1
兵学习	1
许惠佑	1
沿途	1
窠臼	1
不管是	1
时称	1
塌方	1
马虎	1
千代田区	1
新途	1
反侵略	1
受审	1
片	1
手机	1
信用	1
互致	1
譬如	1
打动	1
宋平	1
安徽	1
美式	1
大使级	1
歌功颂德	1
覆盖率	1
税	1
收回	1
福安号	1
旅日	1
飞速	1
偏大	1
统筹兼顾	1
升温	1
文教	1
创业	1
社	1
运到	1
量身	1
分布	1
长乐	1
压垮	1
泄露	1
犹如	1
夏德冯魏茨泽克	1
移至	1
疫区	1
李毅中	1
再接再厉	1
中国化	1
李南玲	1
追随者们	1
言和	1
停建	1
场白	1
报价	1
纠风办	1
吃饭	1
道冠	1
比武	1
信息量	1
零零散散	1
时空	1
巧言令色	1
叶小文	1
打出	1
双双	1
阿尔及尔	1
印中	1
沙娜	1
大刀阔斧	1
和平路	1
义乌	1
股价	1
结盟	1
致歉	1
最少	1
参数	1
接获	1
改朝换代	1
华美	1
无可争辩	1
欲罢不能	1
签到	1
统一部	1
价	1
十一万	1
法制办	1
奉献	1
珠海	1
姐妹	1
飞行器	1
回合	1
过滤	1
着意	1
快捷	1
性病	1
脚镣	1
回忆录	1
洞察	1
际	1
揪心	1
脱颖而出	1
法律系	1
武拒统	1
宝岛	1
惨	1
故障	1
走牛	1
昌都	1
粗	1
豪迈	1
女孩	1
风道骨	1
阎学通	1
本社	1
偷窥	1
争得	1
带起	1
兰特	1
博惕彻	1
难点	1
悟出	1
推进剂	1
民国	1
需费	1
举足轻重	1
退役	1
占取	1
唐树备	1
伸出	1
高院	1
欺凌	1
苏二十七	1
熟	1
县城	1
生路	1
五十亿	1
追踪	1
黎可漂	1
参战	1
汪恕诚	1
领悟	1
顺藤摸瓜	1
问到	1
责难	1
根治	1
以身试法	1
金永南	1
弹起	1
获准	1
辈子	1
赞誉	1
征兆	1
书画界	1
访俄	1
振振有辞	1
终端	1
达源	1
叔叔	1
黄河	1
圣诞	1
核电	1
社科界	1
忧患意识	1
父亲	1
限定	1
备案	1
三千一百	1
幸免	1
维新	1
升幅	1
宝库	1
日领馆	1
王国	1
一九三五年	1
节节	1
叶震	1
攻势	1
心存偏	1
传染病	1
国际台	1
黎	1
袖	1
一拖	1
扶困	1
功能	1
主客观	1
黑社会	1
停步	1
洪斌	1
地面	1
东引	1
古交市	1
侈谈	1
辞退	1
特稿	1
模型	1
理	1
残缺	1
罪责难逃	1
造势	1
屏障	1
一意孤行	1
修补	1
好比	1
撕心裂肺	1
传声筒	1
再说	1
铝	1
五十六	1
大渡河连	1
赢家	1
试问	1
根植于	1
科协组	1
质押	1
威风	1
万象	1
组网	1
三零零	1
卡氏	1
自理	1
玩笑	1
民选	1
历时	1
衰	1
右幅	1
纵火案	1
欢送	1
牟利	1
有感而发	1
副司长	1
随即	1
卖给费	1
外表	1
冒出	1
神经	1
沙海	1
成套	1
名存实亡	1
但未	1
卢晶	1
莆田	1
选派	1
救救	1
通篇	1
江山	1
搜索	1
山芋	1
战技	1
冤案	1
卖命	1
越位	1
农奴制	1
日常	1
顾金池	1
字迹	1
留念	1
王缉思	1
孤立主义者	1
即便	1
一九八九年	1
识时务者	1
黑市	1
心思	1
罕见	1
赵承	1
外宣	1
阴谋	1
第三十	1
打听	1
县直	1
食品类	1
归属	1
屏幕	1
何智辉	1
战火	1
易于	1
有朝一日	1
跃马扬鞭	1
担负	1
东欧	1
电影	1
野战	1
兼任	1
外在	1
姚新章	1
壳牌	1
处置	1
渡过	1
事实实	1
活剧	1
报关	1
答复	1
指挥员	1
找准	1
饱经	1
常轨	1
格陵兰	1
作物	1
方法论	1
税制	1
放心	1
团里	1
一气	1
控制区	1
陷于	1
朋友们	1
吴典蓉	1
丁光训	1
第二十二	1
换壳	1
陵水县	1
吐血	1
原委	1
最低	1
告诫	1
简直	1
无关	1
纪德舰	1
近海	1
仙	1
陈毅	1
曲格平	1
牵扯	1
远东	1
信贷	1
空难	1
对称性	1
税率	1
五千	1
广告业	1
方位	1
洪学智	1
引入	1
中正	1
合格	1
反空袭	1
虚报	1
令廿	1
赵宇	1
经济型	1
权威性	1
王津平	1
互用	1
笑话	1
领馆	1
可悲	1
进去	1
营口市	1
减	1
值班室	1
看有	1
乐曲声	1
一九九	1
受益人	1
送来	1
横向	1
总领事	1
途中	1
苍穹	1
新华网	1
贡献者	1
挂贴	1
驰骋	1
冤魂	1
西南	1
超	1
季	1
经常性	1
陈善庄	1
扣减	1
李高成	1
泰山	1
地基	1
监察部	1
腐朽	1
住地	1
政委	1
失误	1
变小	1
克制	1
里约	1
五十一点四二万	1
演奏	1
成交	1
公职	1
拘留所	1
录取	1
砂	1
浑身	1
渔民	1
业已	1
同处	1
派出所	1
陈勇	1
香菇	1
汇往	1
传	1
见到	1
二千三百多万	1
刘鹏	1
敢于	1
不切实际	1
接轨	1
越加	1
冲向	1
弹性	1
省事	1
社科院	1
潜舰	1
司马义	1
在逃	1
侵害	1
战胜	1
力所能及	1
陵墓	1
树	1
商品房	1
卢树民	1
观	1
王化鹏	1
无力	1
总政策	1
险度	1
可奶	1
起运	1
听其言	1
决议案	1
存底	1
税务	1
成品	1
漏征	1
员	1
俗称	1
二分之一	1
十九	1
如雷贯耳	1
系统性	1
脸	1
霸权主义者	1
辜	1
触目惊心	1
逼切	1
新版	1
生命线	1
耿飚	1
风波	1
意向	1
悲哀	1
金子	1
优胜	1
院长	1
直播	1
作客	1
高雄港	1
专业队	1
空白点	1
课	1
制备	1
奋战	1
进城	1
周期	1
许成富	1
一介	1
火海	1
布道	1
平分秋色	1
大葱	1
打黑	1
突破口	1
遗孀	1
医药	1
医生	1
赵景伦	1
风景	1
核战争	1
招生	1
劲	1
遵照	1
联络办	1
酞可悲	1
名额	1
合理性	1
拍	1
图片展	1
宽能谱	1
礼遇	1
茉莉花	1
构架	1
联合性	1
歧视性	1
行销	1
声光	1
希望于	1
凯洛	1
高出	1
瑞丽	1
微不足道	1
配送	1
普林斯顿	1
制作	1
石破天惊	1
团队	1
顽固不化	1
不可磨灭	1
解难	1
公明党	1
大兵	1
战果	1
汇报会	1
赵启正	1
耽误	1
了不起	1
蓝甫	1
对讲	1
实处	1
下榻	1
背叛	1
减刑	1
签发	1
参赞	1
南丹	1
好像	1
奋进	1
圈外	1
如愿以偿	1
刘涌	1
行政院长	1
五千多	1
漠不关心	1
剖析	1
加盖	1
精髓	1
贸易区	1
同比	1
董秉印	1
剩余	1
乔治沃克布什	1
升任	1
国安植基	1
街谈	1
补征	1
乌丘	1
动荡不安	1
指挥网	1
代代	1
新生牟	1
加德满都	1
迈上	1
蕴藏	1
由来已久	1
壮	1
繁忙	1
不义	1
添购	1
非工程	1
参观者	1
车站	1
盖	1
细	1
别国	1
练功	1
年轻人	1
用人	1
温床	1
求稳	1
二十二时	1
游荡	1
越发	1
涵义	1
丑行	1
可爱	1
明独	1
惹	1
在朝	1
截稿	1
理事	1
五百亿	1
已婚	1
有目共睹	1
避开	1
架式	1
送水	1
军种	1
专业化	1
强弱	1
浩劫	1
惟	1
刘国胜	1
一百	1
基点	1
第八	1
宽松	1
中尼	1
某某	1
恩格斯	1
这儿	1
三十万	1
浮躁	1
有增无减	1
贺岁	1
剂	1
供述	1
里芝	1
不拘一格	1
嘹亮	1
挖潜	1
土皇帝	1
泌阳县	1
呀	1
配套	1
外敌	1
县里	1
刘明山	1
迫	1
使用者	1
理睬	1
乔晓阳	1
国法	1
竟	1
之初	1
骗术	1
委	1
试炼	1
罗为	1
诱	1
叫嚣	1
实弹	1
女儿	1
国际主义	1
最高层	1
穆斯林	1
接班人	1
顶用	1
周折	1
迎面	1
君权	1
祗会	1
上扬	1
比达	1
胜选	1
结祗	1
选情	1
透明化	1
枷锁	1
调和	1
求实	1
宣判	1
理查德	1
含义	1
菲舍尔	1
超导	1
以防	1
吵吵	1
服刑	1
带到	1
谭宏伟	1
派款	1
应运	1
斗智	1
服务性	1
教派	1
可靠性	1
水泥	1
接触战	1
主修	1
天线	1
抓出	1
抢劫	1
右宣	1
钻进	1
污损	1
航道	1
别有用心	1
本末	1
李干元	1
赶来	1
银河	1
联名	1
成果奖	1
会员国	1
上场	1
奉劝	1
地铁	1
驳回	1
知名	1
解放日	1
呈	1
殖民主义	1
吃惊	1
并存	1
制敌	1
隔年	1
各民主	1
启示	1
边远	1
旺	1
吐	1
盈余	1
推卸	1
入口	1
制假	1
法令	1
乏味	1
下游	1
再现	1
山林	1
公仆	1
助手	1
审讯	1
看守	1
紫光阁	1
无法无天	1
至高无上	1
拳	1
苏南	1
销毁	1
牵制	1
攻坚战	1
长荣	1
进军	1
深渊	1
塔里木	1
密码	1
人防办	1
广岛	1
用途	1
成语	1
工矿	1
南北方	1
提自	1
心脏	1
涉案	1
奏古	1
外币	1
企求	1
照常	1
愿为	1
二十二日	1
六点半	1
蝉联	1
工农业	1
反分裂	1
断定	1
大部份	1
杨立宪	1
任重而道远	1
既有	1
拥塞	1
阴影	1
拆去	1
装车	1
九撞南墙	1
独立党	1
两百八十四亿	1
制裁圈	1
混淆	1
势将	1
军兵种	1
坎坷	1
依仗	1
百日	1
治外法权	1
噪声	1
吴建国	1
自焚者	1
上帝	1
无权	1
怀念	1
壁上观	1
总揽	1
一百多	1
基本面	1
撑腰	1
陷	1
有年	1
苛刻	1
后边	1
斯坦福	1
送去	1
王大中	1
刚果	1
专栏	1
江苏省	1
司马义艾买提	1
用品	1
黄镇东	1
调研	1
放开	1
民生	1
巴桑	1
血淋淋	1
林某	1
黑龙江	1
看重	1
监外	1
定性	1
曹志	1
推进器	1
至极	1
回报	1
检视	1
位于	1
摸索	1
独联体	1
纵情	1
守信用	1
未雨绸缪	1
写进	1
胜利者	1
调度室	1
塔哈	1
没过多久	1
晋安区	1
偏偏	1
塔河	1
污染者	1
哈塔米	1
外州人	1
乡村	1
量化	1
高峰	1
绿色	1
追昔	1
附属	1
如此一来	1
藏身	1
队长	1
泪水	1
驾驶	1
县处级	1
森西朗	1
工厂	1
马迹	1
下等	1
获款	1
感召力	1
书记处	1
练习者们	1
挑	1
防治	1
检阅台	1
付给	1
选民	1
商城	1
无罪	1
段辉	1
疫苗	1
一九八四年	1
吴传玖	1
下滑	1
瓦希德	1
带头人	1
无期	1
调解	1
火控	1
人非	1
称颂	1
脱节	1
之流	1
价钱	1
屠杀	1
反霸	1
李冬民	1
地下水	1
冰箱	1
李炳才	1
开战	1
二十四日	1
呼唤	1
要是	1
公社化	1
八百亿	1
巨变	1
即日起	1
南南合作	1
部位	1
制海权	1
偿债	1
特困	1
汇演	1
存续	1
枪决	1
出色	1
宗教观	1
喜人	1
执收	1
黄耀辉	1
学教	1
加里曼丹	1
处决	1
保护主义者	1
高检	1
泥沼	1
歼八	1
一帆风顺	1
众生	1
事出有因	1
某团	1
利物浦	1
进而	1
不堪一击	1
当场	1
法西斯主义	1
等到	1
实则	1
百分之十三点九	1
用意	1
审判长	1
政经	1
金灿荣	1
器材	1
副司令员	1
干吗	1
市委	1
多变	1
胡康生	1
雅尔塔	1
使者	1
好转	1
河山	1
坐落	1
看守所	1
聚酯薄膜	1
沙滩	1
检测	1
单向	1
美籍	1
经文	1
农发行	1
真功夫	1
开幕式	1
乘员	1
投弃权	1
除恶	1
歌舞	1
蔡汉银	1
接运	1
技术股	1
辞海	1
成因	1
不见	1
信箱	1
秘鲁	1
递烟	1
澳洲	1
选择权	1
沾	1
额度	1
防疫	1
工农	1
着手	1
重头戏	1
暴行	1
官邸	1
安内	1
草地	1
创造力	1
用活	1
贸发	1
无畏	1
粗暴	1
十三点八万	1
总和	1
福音	1
扬巴	1
潜能	1
党性	1
病床	1
工党	1
沉沦	1
诚信	1
惟恐落	1
国台办	1
白塔	1
解脱	1
朴素	1
可观	1
阻止	1
通用	1
预见性	1
接续	1
搜查	1
变为	1
平房	1
公文	1
实业界	1
暗独	1
赶走	1
违	1
论坛报	1
专职	1
罪证	1
进藏	1
中老年人	1
痴痴	1
工会法	1
眼下	1
刊物	1
连队	1
个体	1
扑	1
点燃	1
也许	1
浇	1
任期制	1
干好	1
漳州	1
职业化	1
胸襟	1
瘦小	1
田毅	1
落水	1
客气	1
殊	1
铁拳	1
不知不觉	1
计	1
琼斯	1
会员	1
日俄	1
责任心	1
百亿	1
判定	1
庄严	1
任内	1
碰壁	1
爱女	1
欢聚一堂	1
濒临	1
倒	1
聊天	1
封为	1
适用	1
千千万万	1
抵京	1
风情	1
枯树	1
抹灭	1
合众	1
逃逸塔	1
中专	1
势	1
党中央	1
补钙	1
个体户	1
王国贤	1
尸骨	1
破灭	1
超采	1
压倒	1
指挥车	1
张铭清	1
要胁	1
组团	1
工作组	1
石河子	1
偏见	1
清廷	1
布思罗伊德	1
人所共知	1
紧	1
歪诗	1
灭	1
候任	1
故居	1
懂	1
田中青	1
污	1
羊册	1
古代	1
引渡法	1
留待	1
郭	1
有效性	1
顾问	1
定居	1
坠毁	1
歌舞厅	1
认	1
绑上	1
电器	1
运输机	1
转为	1
彻头彻尾	1
惯用	1
黄壁庄	1
前脚	1
原子	1
黑板	1
三年期	1
升高	1
日朝	1
高地	1
私有制	1
谱写	1
直飞	1
歧途	1
吴阶平	1
军地	1
求职	1
通车	1
后遗症	1
水际	1
艾买提	1
矿区	1
达千余	1
审慎	1
航天器	1
代表权	1
哈萨克	1
乔装	1
衰退	1
冒险	1
法务部	1
孤岛	1
核动力	1
生生不息	1
差	1
肥肉	1
缴	1
默哀	1
梅西奇	1
代表法	1
斯洛伐克	1
看作	1
巨舰	1
参会	1
最迟	1
垮台	1
深得人心	1
充实率	1
知难而退	1
程控	1
约定俗成	1
隐匿	1
成见	1
许可证	1
陕西省	1
就餐	1
副主任委员	1
中止	1
指挥官	1
阿勒萨尼时	1
祥和	1
安德鲁	1
冶炼	1
会务	1
海面	1
哈达姆	1
项目区	1
料到	1
税法	1
增添	1
开古庄村	1
取证	1
报业	1
台上	1
旗	1
看去	1
编织	1
二十八	1
版面	1
有偿	1
现役	1
秘书	1
阿尔韦托	1
哭肿	1
坟墓	1
满载	1
澜沧江	1
伸向	1
福清市	1
强势	1
淡漠	1
召到	1
攘外	1
一百三十三	1
标杆	1
定为	1
系换	1
合营	1
冰毒	1
一点一八亿	1
纪委	1
铿锵有力	1
微调	1
心潮	1
苦熬	1
水柱	1
浑水	1
制造者	1
片断	1
徐山林	1
周景锐	1
机型	1
归根结底	1
开源	1
将士	1
漫天	1
汽球	1
分部	1
税款	1
四面八方	1
婚期	1
挣脱	1
扶养费	1
耶尔科维奇	1
水上	1
东西方	1
养尊处优	1
管理层	1
党纲	1
排开	1
特有	1
王启人	1
事先	1
夏天	1
当人	1
扭转	1
入侵	1
巨威	1
普及本	1
服务业	1
法律界	1
外包装	1
葡萄酒	1
辍	1
闪耀	1
功效	1
施压	1
大起大落	1
指控	1
力作	1
柔弱	1
敌前	1
公用	1
航向	1
住进	1
可望	1
艺术性	1
蜜月期	1
说话	1
办完	1
医疗界	1
含有	1
浮雕	1
病情	1
肆意	1
设宴	1
反独	1
龙	1
准确性	1
武道馆	1
发债	1
威斯康星州	1
违背	1
百分之三十六点二九	1
传销	1
雄鹰	1
克兰	1
弄清楚	1
印刷业	1
返	1
服	1
免职	1
回望	1
亲民党	1
生殖	1
四通八达	1
最惠国	1
意图	1
因地制宜	1
买方	1
藉口	1
参演	1
有趣	1
制药厂	1
如火如荼	1
蒙受	1
代码	1
五点	1
违规	1
张峰	1
利民	1
梯次	1
遽然	1
风浪	1
空余	1
步入	1
出师	1
吞噬	1
恭维	1
杜绝	1
装订	1
两千多万	1
许志功	1
抗震	1
之内	1
东北亚	1
藉着	1
寄	1
岳培民	1
炒	1
准备金	1
迁地	1
电信日	1
证实	1
余下	1
强占	1
神教	1
派系性	1
诉求	1
神威	1
片刻	1
肇事	1
百分之三	1
无奈	1
刻苦	1
村级	1
瓦尔斯特伦	1
闻到	1
数百万	1
轻而易举	1
外籍	1
费用	1
锐意	1
电信局	1
仍旧	1
轮番	1
腐烂	1
恶意	1
线制	1
拆除	1
通商	1
保山	1
加码	1
市郊	1
反响	1
防空团	1
杭州	1
佳	1
改革派	1
辅导员	1
急匆匆	1
低迷不振	1
免受	1
核试	1
六十多	1
西方化	1
三百多万	1
炼油厂	1
周末	1
刑警	1
准军事	1
运城	1
闻一多颂	1
方城	1
滥	1
盘查	1
得计	1
摔打	1
任人唯亲	1
摊开	1
下属	1
关中	1
喜	1
塔拉尔	1
班禅	1
某部	1
一事无成	1
配额制	1
空前	1
编定	1
歧见	1
周长青	1
归途	1
谜	1
侨界	1
预测性	1
情势	1
鉴别	1
吓倒	1
消毒	1
航天城	1
保健	1
主意	1
残疾	1
房山区	1
远亲	1
关昭	1
追悼	1
押解	1
赵晋平	1
范国祥	1
揭开	1
踪影	1
单是	1
祗同	1
配电	1
眼界	1
电化	1
血液	1
正相反	1
停	1
陈俊光	1
感觉	1
仁慈	1
守信	1
不是	1
接收	1
导向	1
事后	1
联组	1
门面	1
脚	1
参考	1
物力	1
奔	1
喊	1
祗占	1
被告	1
旁听者	1
岛外	1
存在于	1
降水	1
挑选	1
汉光	1
劳教	1
胎	1
牵引	1
冷淡	1
缩印本	1
难怪	1
收录	1
伞兵	1
爆炸声	1
收受	1
申报	1
相机	1
一介平民	1
团圆	1
苦练	1
心目	1
丰厚	1
总的来说	1
拜谒	1
用足	1
保安局	1
台湾省	1
畜产品	1
呆呆	1
抵赖	1
充裕	1
银兴	1
索研	1
成份	1
追溯	1
根深	1
马克思主义者	1
七百万	1
不予	1
放眼	1
坐视	1
西方式	1
紧要	1
化学品	1
专利权	1
戈兰	1
躲藏	1
对垒	1
误导	1
庙	1
主掌	1
周正庆	1
坦然	1
注入	1
波普	1
首访	1
舰艇	1
猜度	1
不欢而散	1
尾声	1
震天	1
内心	1
灌	1
蔡英文	1
特	1
二七年	1
周光召	1
精兵	1
名称	1
一千五百多亿	1
降温	1
女人	1
音乐声	1
洽商	1
鹰派	1
莱德尔	1
反毒品	1
地域	1
老伯	1
入	1
阜阳	1
机收	1
多彩	1
看见	1
超强度	1
笼罩	1
心里	1
草拟	1
泥沙俱下	1
战车	1
社柏林	1
反偷	1
政绩	1
过场	1
王室	1
失措	1
劳动党	1
七二七	1
法学院	1
公道	1
人道	1
怪	1
沙阿斯	1
脑汁	1
除夕夜	1
呐喊	1
高难	1
宜	1
乡级	1
招摇	1
迁	1
民族观	1
钟志坚	1
风风雨雨	1
冒昧	1
法典	1
推测	1
夜视仪	1
触角	1
三亚	1
婚前	1
围坐	1
合乎	1
长足	1
款	1
接触性	1
兰某	1
勘测	1
黑暗	1
叛军	1
报知网	1
家乡	1
北之丸	1
好恶	1
铁	1
招商	1
砸	1
战情	1
成其为	1
忘	1
自命	1
规范化	1
回收	1
削减	1
好处费	1
止	1
反战	1
输送	1
立足	1
赖	1
普天间	1
置信	1
侯捷	1
敲	1
代理	1
嚓嚓嚓	1
集团性	1
终止	1
入台	1
征战	1
赵仁家	1
心潮难平	1
挺进	1
沉着	1
常人	1
差劲	1
作何	1
落到	1
原始	1
风沙酞	1
二零零一年	1
杨改清	1
通话	1
脱钩	1
二百七十八	1
第十九	1
迹象	1
上演	1
力推	1
全心	1
录	1
故此	1
涵意	1
安东尼奥	1
般	1
训练史	1
声誉	1
掠夺	1
收取	1
技术性	1
千夫所指	1
澎湖	1
球	1
副局长	1
航班	1
陪审员	1
样	1
基础性	1
退休	1
中国海	1
缓冲	1
好梦	1
邯钢人	1
统战	1
警察厅	1
美利坚	1
抵近	1
玩火	1
自卫权	1
盖莱	1
脱出	1
责无旁贷	1
广	1
港督	1
强身	1
不顾	1
纪实	1
起降	1
敌酞空	1
香港化	1
史上	1
数千万	1
鲜	1
歹徒	1
了摩	1
少言寡语	1
有望	1
欺骗	1
绕开	1
教案	1
不重	1
花季	1
骗子	1
拜登不然	1
张静宇	1
李子彬	1
限于	1
牛	1
清除	1
陈希同	1
撞骗	1
弹机	1
调减	1
吉佩定	1
万事俱备	1
三千万	1
馆长	1
传递	1
实控线	1
并举	1
下功夫	1
就此	1
学术界	1
脊梁	1
细尖	1
聘请	1
急剧	1
中摩	1
白克明	1
旗鼓相当	1
技巧	1
红色	1
吸纳	1
提起	1
虚实	1
微小	1
转交	1
于永波	1
大动	1
陆战队	1
挥洒自如	1
拳手	1
后方	1
云烟	1
热和	1
酞阳能	1
民族化	1
摇篮	1
墓地	1
跃居	1
超脱	1
经商	1
血色素	1
分校	1
公使	1
反腐	1
中将	1
奥运村	1
外移	1
并重	1
主讲	1
晋级	1
福祉	1
从中	1
卢森堡	1
饮料	1
腹地	1
上涨	1
述说	1
不见得	1
后事之师	1
怪胎	1
车轮	1
戴相龙	1
诽谤	1
零售	1
加密	1
继任者	1
小学	1
大肆	1
进发	1
九日	1
意方	1
自私性	1
肝炎	1
梁家辉	1
奔涌	1
驾	1
信用证	1
三十五	1
开车	1
思想库	1
卸出	1
指引	1
碱化	1
追踪器	1
星座	1
贸易国	1
湄公河	1
拖后	1
战略区	1
首次	1
影吊	1
松下	1
秀莲	1
生死	1
回族	1
空位	1
外空	1
闪电式	1
调解人	1
船只	1
施瓦布	1
深色	1
主轴	1
组阁	1
突发	1
东中西部	1
讨好	1
惊奇	1
肯尼迪	1
感召	1
朱自清颂	1
突击群	1
容许	1
尽量	1
撰文	1
吉布提	1
拆毁	1
云阳	1
根植	1
密不可分	1
朱增泉	1
安邦	1
坚赞	1
翻身	1
预算案	1
增额	1
宋	1
邵逸夫	1
一九四	1
争夺战	1
芬莱	1
邻近	1
控辩	1
查韦斯	1
卢沟桥	1
日据	1
裁判所	1
昨晨	1
发发	1
心结	1
祭祀	1
两百	1
狂风	1
难关	1
怎样炼	1
乘胜追击	1
无立足之地	1
沪台	1
西气东输	1
交换机	1
利刃	1
扫黄打非	1
六十九	1
误区	1
监造	1
教化	1
旅客	1
统计局	1
大漠	1
孤立	1
唐县	1
陈旧	1
德庆乡	1
朴智元	1
标识	1
呲牙	1
十四日	1
气温	1
那日	1
创下	1
跑	1
哈斯特尔特	1
定心丸	1
协议会	1
愚冥不化者	1
租	1
检察官	1
育龄	1
建于	1
条款	1
席位	1
化肥厂	1
务	1
州长	1
害己	1
普选票	1
反科学	1
二千六百多	1
歪	1
板门店	1
援巴	1
十三亿	1
道主	1
各司其职	1
寻机	1
皇粮	1
李廷彬	1
无尽	1
经营权	1
贺劲松	1
梵蒂冈	1
巴勒斯坦国	1
门	1
一九五四年	1
反舰	1
早该	1
样品	1
就地	1
谋害	1
叫做	1
列车	1
序列	1
硬功夫	1
错落	1
滞留	1
内乱	1
一次次	1
前前后后	1
检举	1
软性	1
后人	1
福	1
巨头	1
尼克松	1
呼多	1
原子弹	1
脑后	1
导火索	1
茧丝绸	1
等着	1
因病	1
堤防	1
汇编	1
时尚	1
演进	1
惟一	1
气焰	1
受邀	1
运量	1
诚	1
九十年代	1
本色	1
身心	1
评奖	1
驭手	1
上上	1
苏方	1
锲而不舍	1
重槌	1
包含	1
智囊团	1
华文	1
上诉	1
特约	1
八廓街	1
交货	1
建交国	1
反败为胜	1
铁灰色	1
流动	1
识破	1
无私	1
公论	1
秋熟	1
渴望	1
分手	1
挥师	1
头面	1
毒气	1
赶往	1
磨破	1
反贪	1
纪念日	1
野蛮	1
证书	1
推到	1
神学	1
罚没	1
结社	1
绝对化	1
王岐山	1
因受	1
油田	1
显露	1
独自	1
表白	1
亲笔信	1
泥石流	1
专营	1
羊晓东	1
外贸局	1
打井	1
德国人	1
亮	1
温	1
可取	1
投	1
黄埔	1
浮夸	1
萧万长	1
转基因	1
故宫	1
行家	1
所作所为	1
中编	1
奉陪	1
换算	1
大范围	1
万多	1
失和	1
时许	1
反抗	1
残骸	1
个中	1
数以千计	1
投资区	1
写作	1
严实	1
巴希尔	1
抬出	1
万元	1
政治病	1
碰硬	1
副研究员	1
金边	1
罗源	1
相当于	1
不民主	1
去信	1
后半夜	1
逾越	1
珍贵	1
财经委	1
偏	1
逼死	1
不再	1
食	1
郑氏	1
李泽军	1
派驻	1
盆	1
路面	1
临近	1
心病	1
疙瘩	1
近似	1
三千一百亿	1
竞标	1
西洋	1
狂悖	1
训法	1
镀	1
一目了然	1
忆及	1
五六千	1
勿	1
附有	1
牟	1
青海	1
九百	1
含泪	1
尤为	1
投票日	1
权重	1
杜尚别	1
点心思	1
讲给	1
捆住	1
错	1
芝加哥	1
猖狂	1
弥补	1
编成	1
大卫	1
博什格拉夫	1
赶出	1
超长期	1
四点	1
顶礼膜拜	1
滑	1
三茬	1
非专利	1
应生	1
批判	1
气息	1
认知	1
通货膨胀	1
驻军法	1
苦心孤诣	1
例证	1
源泉	1
发起	1
库城	1
扔进	1
确有	1
江措	1
律政司	1
圣人	1
较快	1
供出	1
诚挚	1
戈尔诺	1
定下	1
封面	1
擦肩	1
辽宁省	1
异地	1
鹿泉市	1
凶残	1
李鹏率	1
惨烈	1
财力	1
阿罗约	1
多发期	1
教权	1
莫桑比克	1
先发制人	1
梁爱诗	1
前车之鉴	1
报名	1
后面	1
圈套	1
六百亿	1
场部	1
转好	1
消散	1
陈博志	1
不公	1
俄西伯利亚	1
百分之百	1
尊生	1
严酷	1
拦截器	1
诺贝尔	1
塞	1
牧民	1
合	1
铭记	1
循	1
急忙	1
大权	1
选票	1
歼灭	1
热地	1
隔几	1
李荣融	1
西非	1
储蓄率	1
沿线	1
萧规曹随	1
销售者	1
聚酰亚胺	1
金钱	1
两样	1
迷失	1
伋取	1
盲目	1
马丹	1
赫卜杜拉	1
临时	1
顽症	1
名誉	1
撒切尔	1
账户	1
误入	1
部委	1
科技界	1
激化	1
一大早	1
害人	1
沐浴	1
灭绝	1
杨怀庆	1
近代史	1
威力	1
挑剔	1
金中坚赞	1
坚持不懈	1
产业化	1
寥寥无几	1
敏锐	1
智中	1
探	1
云南	1
工艺品	1
符	1
陆基	1
赖昌星	1
下挫	1
禁运	1
绯闻	1
二道河	1
分析家们	1
诺言	1
央行	1
宁	1
报答	1
须经	1
少征	1
劲松	1
马其顿	1
重创	1
土地换	1
封存	1
存	1
巴解	1
振荆	1
原载	1
台岛	1
在野党	1
寺庙	1
鲜花	1
上学	1
热腾腾	1
震慑	1
内蒙古	1
疏通	1
确是	1
进香团	1
敦睦	1
印巴	1
有损	1
台面	1
流氓	1
等同于	1
葛连成	1
操练	1
审议会	1
赃款	1
不复	1
夏都	1
交情	1
益形	1
阿拉伯海	1
播种	1
据实	1
引人注目	1
空话	1
两口子	1
人伦	1
大度	1
激战	1
殆尽	1
中学生	1
怀抱	1
象征	1
分散	1
实证	1
恶浪	1
规划法	1
甘心	1
鲜为人知	1
照例	1
各式各样	1
资产额	1
新闻官	1
虚夸	1
实干	1
此时	1
测序	1
无比	1
送往	1
呼声	1
拖	1
圆	1
全然	1
郝昭	1
无核区	1
依	1
结出	1
三道四	1
印方	1
梦	1
决断	1
讲述	1
自古	1
听证会	1
王文元	1
出乎	1
转化率	1
读数	1
黑色	1
上文	1
兼	1
抗灾	1
希腊	1
十三	1
拥扁	1
地皮	1
教条主义	1
报章	1
阿达姆库斯	1
董事局	1
马车	1
县长	1
分行业	1
从天而降	1
大法官	1
前言	1
哈利法	1
摆在	1
怪物	1
播出	1
瞎话	1
英里	1
朱华颖	1
莫	1
亵渎	1
长老会	1
饲养	1
众智	1
造船厂	1
一查到底	1
危机感	1
姜颖	1
争创	1
卑鄙	1
公民权	1
部级	1
待业	1
衷心感谢	1
相一致	1
联谊	1
黄国雄	1
成册	1
三百	1
福清	1
系数	1
社区	1
污浊	1
避孕	1
顶峰	1
纳斯达克	1
有名	1
卡西亚诺夫	1
周慕尧	1
打到	1
禁忌	1
硕果累累	1
金中	1
辖	1
演训流路	1
减幅	1
偏离	1
遣送	1
当即	1
星期	1
外汇	1
学院	1
停战	1
进驻	1
有罪	1
苏	1
换取	1
依赖性	1
简章	1
张掖	1
率舰	1
证监会	1
歼轰七型	1
交回	1
早点	1
时限	1
抛开	1
打掉	1
大案	1
荒唐	1
子弟兵	1
省级	1
德米雷尔	1
断言	1
停靠	1
金养健	1
驰名	1
尖刀	1
私	1
往下	1
牛奶	1
置于	1
矿井	1
到处	1
惨景	1
清	1
陈虎	1
禁区	1
付诸实践	1
置之脑后	1
眼帘	1
慷慨	1
改宪	1
穿	1
坪车	1
腾挪	1
气冲霄汉	1
江续	1
恶战	1
谢佑卿	1
扑城	1
雄伟	1
占有率	1
高乐圣	1
适用于	1
筹划	1
南下	1
复苏	1
复谈	1
上列	1
迷幻	1
加具	1
重访	1
河野	1
品行	1
探明	1
不乏	1
过好	1
警戒线	1
钟声	1
千家万户	1
大中小	1
华府	1
十四	1
周永康	1
大众	1
钱皮	1
实实在在	1
言必信	1
实用化	1
夏士莲	1
艾滋病	1
副书记	1
右转	1
大洋	1
复活	1
老一代	1
王成家	1
陈水在	1
鱼叉	1
人格	1
丝	1
旧有	1
公允	1
庆典	1
见不得人	1
拗	1
自述	1
甚微	1
勘探	1
战殁者	1
河北省	1
前身	1
学士	1
可怕	1
毁坏	1
火上浇油	1
连江	1
调兵	1
债券	1
与此同时	1
根据地	1
坑道	1
应用于	1
病毒	1
了绘	1
上阵	1
数十亿	1
初现	1
钥匙	1
自若	1
站到	1
一九八七年	1
分散相	1
干扰仪	1
开除	1
同行们	1
北欧	1
取水	1
风声	1
哈桑纳尔	1
受伤	1
酞低	1
比方	1
带进	1
九八年	1
击败	1
同业	1
更正	1
敌我	1
据称	1
望	1
入库	1
设定	1
交待	1
以飨读者	1
肆虐	1
直白	1
释疑	1
像样	1
奥秘	1
凶杀案	1
驻桂	1
丁刚	1
浩然	1
鲁滨	1
接受者	1
罪魁祸首	1
立案	1
别尔米诺夫	1
盈利	1
陛下	1
科技部	1
择业	1
马关	1
典故	1
抽样	1
不错	1
观礼台	1
开放性	1
张东梁	1
张家港市	1
贩卖	1
家家	1
机器人	1
督促	1
欲望	1
完工	1
纺织	1
本版	1
希	1
全委会	1
布宜诺斯艾利斯	1
田萱	1
抚慰者	1
现世	1
开个	1
过境	1
华北	1
求求	1
海军省	1
麦	1
疯狂	1
改为	1
核扩散	1
曾建徽	1
交出	1
毒贩子	1
渐进	1
挂心	1
列	1
存小异	1
立论	1
官	1
新意	1
权谋私	1
孙勇军	1
于吉	1
豫园	1
感谢江	1
拿钱	1
统揽	1
自残	1
民航	1
为非作歹	1
驳	1
罄竹难书	1
温室	1
加州	1
搭桥	1
老手	1
内贸	1
灭掉	1
火力	1
中午	1
围观	1
党支部	1
奔跑	1
重庆	1
躺	1
平安	1
法宝	1
抵消	1
高处	1
淹没	1
布特弗利卡	1
自发地	1
餐厅	1
食物	1
带领	1
磨去	1
哭喊	1
化学	1
徐鹏航	1
屈	1
政治化	1
花岗岩	1
国书	1
场合	1
扩招	1
轨迹	1
用事	1
关口	1
伟绩	1
昌盛	1
疏离	1
统合论	1
安德拉邦	1
恰	1
直通	1
原属	1
京信	1
真意	1
报派	1
附庸	1
清清	1
赏识	1
热线	1
刘雁廉	1
建设者	1
合流	1
大举	1
被动式	1
长征	1
外围	1
双城	1
陈果	1
合作部	1
院士	1
造假	1
邯钢	1
严肃性	1
终审	1
失业率	1
专用	1
拼音	1
飞船	1
情形	1
查清	1
受制于	1
早前	1
定论	1
做起	1
兴办	1
影儿	1
删除	1
第五	1
成果卓	1
倾向性	1
售票	1
香芳	1
公主	1
转军	1
公有制	1
留学	1
师里	1
雄师	1
财路	1
朝侨	1
测量	1
盛情款待	1
二胆	1
口头	1
包围	1
泰方	1
闽江	1
昨晚	1
打扫	1
同义词	1
李贵鲜	1
北部	1
西门子	1
街头	1
向后	1
召集	1
制药	1
管理区	1
王英凡	1
澳门人	1
来得及	1
国统	1
吸引力	1
赵法箴	1
躲避	1
倪少杰	1
五十七	1
劲旅	1
光	1
铁甲舰	1
明	1
博爱	1
致辞	1
共荣	1
挥霍	1
工艺师	1
同属	1
门口	1
外交家们	1
尽可能	1
攻击机	1
抗美	1
俄联邦	1
浸泡	1
刘克刚	1
装定	1
两三	1
辛丑	1
伽马	1
扬弃	1
干坏	1
迸发	1
惩罚	1
贾绍箕	1
东道主	1
墓前	1
痛惜	1
郑州	1
飞天	1
瓷器	1
天主教会	1
雇佣	1
吉方	1
卖出	1
倒酶	1
系统化	1
清风	1
伊斯兰教	1
主干	1
合营者	1
承受力	1
单调	1
迭	1
软硬	1
台办	1
征收	1
有赖于	1
罗素珍	1
挖空	1
霍尔果斯	1
用好	1
大名县	1
九三学社	1
西侧	1
遣将	1
野心	1
理论化	1
次于	1
制导	1
马光华	1
鲅鱼圈	1
附加	1
一九八八年	1
排名	1
执	1
节日	1
继位	1
政坛	1
狭隘	1
名词	1
结合部	1
医治	1
重申斯	1
上车	1
一日	1
公	1
层面	1
华棣	1
上收	1
缺口	1
师父	1
希方	1
李荣	1
经济学	1
手持式	1
手枪	1
谎言	1
豪登省	1
高温	1
制毒	1
教育家	1
白鹤镇	1
张朔	1
位移	1
回响	1
汉族	1
研习会	1
农户	1
妙应寺	1
儒雅	1
戚三番五次	1
招待	1
连线	1
先决	1
教	1
陈斌华	1
昆明	1
四百九十七亿	1
偃旗息鼓	1
短视性	1
诗琳通	1
起初	1
密集型	1
领主	1
计票	1
勤政殿	1
注明者	1
佛像	1
军乐队	1
相依	1
做官	1
钜	1
餐叙	1
李维汉	1
一千二百	1
攻击性	1
招聘	1
高达	1
生意场	1
陈洪彪	1
野	1
册	1
连日	1
科考	1
一脉相承	1
贫穷	1
人间	1
放慢	1
喜气洋洋	1
英文	1
年轻化	1
修复	1
郭振干	1
基本点	1
旌旗	1
单边	1
赖以	1
丰功	1
和政	1
沈	1
刑期	1
升空	1
宙斯	1
扑灭	1
厄瓜多尔	1
凯利	1
重蹈	1
贯彻江	1
惠及	1
河南省	1
虚伪性	1
强制	1
四分之三	1
经济学家	1
建国	1
例子	1
张柏芝任	1
两千五百多	1
经贸委	1
口信	1
杨传堂	1
暗合	1
职守	1
枕巾	1
注	1
阳东县	1
五百二十六	1
数百	1
数学	1
体改委	1
功德圆满	1
走到	1
新年	1
兰绑架	1
规划馆	1
阎金久	1
现金	1
牵动	1
资本家	1
空域	1
半数	1
惨痛	1
下半月	1
加重	1
留法	1
超乘车	1
思想家	1
赶到	1
篡改	1
土	1
自助	1
屈服	1
幕僚	1
操演	1
垃圾栈	1
失利	1
吊销	1
吴玉章	1
打转	1
虞列贵	1
